
INSERT INTO `categories` (`category_id`, `name`, `icon`) VALUES
(1, 'Курьерские услуги', 'translation'),
(2, 'Уборка', 'clean'),
(3, 'Переезды', 'cargo'),
(4, 'Компьютерная помощь', 'neo'),
(5, 'Ремонт квартирный', 'flat'),
(6, 'Ремонт техники', 'repair'),
(7, 'Красота', 'beauty'),
(8, 'Фото', 'photo');

INSERT INTO `users` (`uses_id`, `add_date`, `first_name`, `last_name`, `password_hash`, `email`, `phone`, `telegram`, `city_id`, `information`, `birthday`, `avatar_file_id`, `is_executor`) VALUES
(1, '2023-03-02 00:29:30', 'Афанасий', 'Тарасова', '$2y$13$H1yWqrFs/epi6IpMQkS.Y.UYY9LsNW.6AQVVVUizjmPQExOKqbNnu', 'rybakova.denis@list.ru', '26040793161', NULL, 481, NULL, '1982-11-30', 7, 0),
(2, '2023-03-02 00:29:30', 'Всеволод', 'Прохоров', '$2y$13$4tfrg4xXyBkbl2GvJH5ke..JNpyvObWSUwWlkNBhONPnHzEojA2Oa', 'kudryvtev.klim@inbox.ru', '51564313696', NULL, 134, NULL, '1972-07-26', 11, 1),
(3, '2023-03-02 00:29:30', 'Артур', 'Устинова', '$2y$13$7NuPFAv8Iv2B0Hw5WQmPFON8OGu3hHUtX0fdLqRQtMAKkIdXxKQku', 'florentina.ivanov@kolesnikov.ru', '22388754661', NULL, 460, NULL, '2004-01-30', 2, 0),
(4, '2023-03-02 00:29:30', 'Герасим', 'Ефимова', '$2y$13$2oMHeJE07NnMikFxsEVHNuuCn.DRwCF2eBIswLMx5.E2jQGD7i23e', 'trofim90@rambler.ru', '50459869194', NULL, 71, NULL, '2006-12-01', 11, 1),
(5, '2023-03-02 00:29:30', 'Вера', 'Веселова', '$2y$13$QetlfvbOfjsZn7YqMXJm2urYZInQUncmFMQggOC/lYzZR8qsakc52', 'anton58@rambler.ru', '85584747059', NULL, 633, NULL, '1993-08-16', 3, 0),
(6, '2023-03-02 00:29:30', 'Тамара', 'Федотов', '$2y$13$PK6QAHOuiTSLlLu6Awxng.2oMLjfOA7n805COzPmYgjMRJuq7Rp46', 'ylii.kabanov@gorskova.net', '88826132509', NULL, 242, NULL, '1981-03-17', 6, 0),
(7, '2023-03-02 00:29:30', 'Степан', 'Николаева', '$2y$13$VM168ZUxRiyuOIPrV0HZKeByGk5uSUF26dc.z6ThTcuAOilQg7wtG', 'fedosy36@semenova.ru', '68931527427', NULL, 876, NULL, '2013-09-11', 6, 0),
(8, '2023-03-02 00:29:30', 'Галина', 'Щербакова', '$2y$13$N2NpNHuBWu7RogGfAN5Yue.BgsiuDUPsO7DeBOY9bVnLKSiUN9.7e', 'bkuzmin@galkin.ru', '42151898081', NULL, 518, NULL, '2019-12-10', 3, 1),
(9, '2023-03-02 00:29:30', 'Жанна', 'Морозов', '$2y$13$LRS.dqKw6RT9Gni1IQBIXeXR6x101Aq55L/pZiW2DKJEJifky3rPC', 'dina.naumov@trofimova.com', '33564649339', NULL, 196, NULL, '1997-08-25', 1, 0),
(10, '2023-03-02 00:29:30', 'Елизавета', 'Носова', '$2y$13$oee0bgBJwn4znkhpWRgByuXJ8MSn6nC.egzRgc8d4Iool80mGAsry', 'makar48@ya.ru', '97381245826', NULL, 365, NULL, '1986-01-30', 9, 1),
(11, '2023-03-02 00:29:30', 'Антонин', 'Гусев', '$2y$13$Mn7FJvtcOtrsJpp91JXk/epcOCeAah722w0AOoCf6fKZRJeMR3jAO', 'ananii41@selezneva.ru', '38573157398', NULL, 710, NULL, '2016-04-12', 9, 1),
(12, '2023-03-02 00:29:30', 'Инга', 'Бурова', '$2y$13$UN30tffNU8vDW9hKOOFwWuHRCSMqZ7wS7LWDg7YGh04oECnG.IINO', 'aleksei70@kuzmina.ru', '2970427940', NULL, 415, NULL, '1990-02-11', 11, 0),
(13, '2023-03-02 00:29:30', 'Эльвира', 'Тетерин', '$2y$13$xsVypSfgW02sq.a5EEhlR.Ew2Mx9BZlrQrwhfQOyuZFnrCLS1oar.', 'plytkin@potapova.ru', '23280754004', NULL, 815, NULL, '1983-01-08', 3, 0),
(14, '2023-03-02 00:29:30', 'Семён', 'Шубина', '$2y$13$vpB62EzN8kuKyyaEVlrAlecQOdW/48TLsUBwqJ86WDXxSiWff5/e6', 'lapina.spartak@yandex.ru', '56771040012', NULL, 930, NULL, '2015-04-20', 10, 0),
(15, '2023-03-02 00:29:30', 'Илья', 'Константинов', '$2y$13$FYOND8jkFjuA81XdS1sYp.5MJgwGG7s5EVNMQghPw2ooUVfzhEgr.', 'zinaida38@bk.ru', '96562443674', NULL, 244, NULL, '1999-09-22', 2, 0),
(16, '2023-03-02 00:29:30', 'Искра', 'Фролова', '$2y$13$.TE0V4WOxsrfdXRXCbl7bOfRX49r8LBMPy.WumSXfqNrwY0rKKZ8i', 'bogdanova.trofim@narod.ru', '6767212436', NULL, 733, NULL, '1986-02-04', 2, 0),
(17, '2023-03-02 00:29:30', 'Злата', 'Маркова', '$2y$13$CsFgsbaxZl.7ThZPI2y0h.tMjkhhaAlW7165uleu2NCAwaFndYEra', 'ananii59@ya.ru', '65417686815', NULL, 380, NULL, '1987-08-31', 6, 0),
(18, '2023-03-02 00:29:30', 'Эмма', 'Сазонов', '$2y$13$oez45SfLbnporux7Gj.8s.NKE6JCxXG/4tkldW.eVek.MWxCU9h6O', 'anfisa52@titova.ru', '82391673241', NULL, 594, NULL, '2011-07-14', 3, 0),
(19, '2023-03-02 00:29:30', 'Виктория', 'Миронова', '$2y$13$lOYVRf48R/mlEgZgmYvcguTiza6nzBwJPRqVHWU2qBQiOBpg4M5zu', 'zoy91@ya.ru', '50992298550', NULL, 716, NULL, '1978-08-11', 11, 1),
(20, '2023-03-02 00:29:30', 'Любовь', 'Крылов', '$2y$13$Ft4yFqcyiEkaSD9uCWjcUeJ6bVdG5A4niK1kNu7cpKYcGx2obbeja', 'nazar10@hotmail.com', '22411935919', NULL, 396, NULL, '1983-12-01', 3, 1),
(21, '2023-03-02 00:29:30', 'Данила', 'Корнилова', '$2y$13$PR8gEJ7WVKb18qBu3u5D..wHpfRcpaNXIefgTNl7frD72vnebnK9G', 'inna.kornilova@kostin.com', '25587542926', NULL, 292, NULL, '1981-01-21', 1, 1),
(22, '2023-03-02 00:29:30', 'Ева', 'Некрасов', '$2y$13$2.FZgwm.8j7fNE.R5IHXSeA1MFE3woPacslxPPKgGRzI8awTZg1rG', 'ksidorov@narod.ru', '42139472397', NULL, 760, NULL, '1993-03-05', 4, 1),
(23, '2023-03-02 00:29:30', 'Марк', 'Быков', '$2y$13$USCxy6U7tCozYVKnhCPeMOx5ZrnhMXR2Unl4U4YSkzYj2aOl8DLei', 'stepan.davydova@ya.ru', '55518123241', NULL, 386, NULL, '1972-09-05', 10, 0),
(24, '2023-03-02 00:29:30', 'Ирина', 'Савин', '$2y$13$697k9oVU.U/wbMvbEnTr/Oj2vSwIVA.x64NSeCTlybJu1qUnbWzte', 'fedotova.evgeniy@hotmail.com', '23190707012', NULL, 800, NULL, '1973-06-28', 9, 1),
(25, '2023-03-02 00:29:30', 'Феликс', 'Макарова', '$2y$13$v1G8ZQrgc9xv6/5Dezuo4u7RVu7pD2Ir/.JSVNnrggeycsnZU/fsW', 'kseniy63@kovalev.ru', '20249180663', NULL, 828, NULL, '1978-01-01', 5, 1),
(26, '2023-03-02 00:29:30', 'Ярослав', 'Зимина', '$2y$13$ko/9gfnYJ9r3JtERFp4t8.QSe0bv6KugnD..oCfH3XVDyKWVpuUFC', 'olga70@timofeev.ru', '85014507385', NULL, 885, NULL, '2022-08-21', 11, 0),
(27, '2023-03-02 00:29:30', 'Добрыня', 'Зайцева', '$2y$13$brjzYS0VANldje4j80KNLeUCNlAOUBPq1JJ7EXjDhXkIoU2yjXLjm', 'vkopylova@timofeeva.ru', '38526648988', NULL, 127, NULL, '2006-10-19', 9, 1),
(28, '2023-03-02 00:29:30', 'Платон', 'Кошелев', '$2y$13$eLSacHv6yjeyuaxEDFlfieUQG9PqofBX1mA.DyUeSjzbdABrYyChu', 'nesterov.boleslav@abramova.ru', '35257717780', NULL, 724, NULL, '2012-05-28', 11, 0),
(29, '2023-03-02 00:29:30', 'Афанасий', 'Беляков', '$2y$13$oNusndvxHOasIuGRk.eyTunbLGZUDg3pzt4Za2gQRyDnzOs1Mt/za', 'elizaveta34@gmail.com', '37519890833', NULL, 932, NULL, '2014-01-14', 4, 1),
(30, '2023-03-02 00:29:30', 'Геннадий', 'Нестеров', '$2y$13$LGDBDRD/cZwU2EijdhkAA.yrBzXp0BAglteQ./1YChIpfUykibIKq', 'seliverstova.alena@komissarov.org', '22355554564', NULL, 1023, NULL, '2006-06-08', 5, 1);

INSERT INTO `tasks` (`task_id`, `add_date`, `status`, `customer_id`, `title`, `description`, `location`, `end_date`, `price`, `category_id`, `executor_id`) VALUES
(1, '2023-03-02 00:38:36', 'failed', 8, 'Чичиков только заметил он.', 'Заманиловка, мужики сняли шляпы, и один из них, бывший поумнее и носивший бороду клином, отвечал.', 0x000000000101000000cb80b3942c3330c07f15e0bbcd4b25c0, '2001-05-25 00:00:00', 7359, 1, NULL),
(2, '2023-03-02 00:38:36', 'new', 10, 'Тут были все клички, все.', 'Ноздрев — Нет, я не привез вам гостинца, потому что, признаюсь, — не так чтобы слишком толстые.', 0x000000000101000000acc77dab75ca354092e9d0e979a73140, '1994-06-22 00:00:00', 4547, 4, NULL),
(3, '2023-03-02 00:38:36', 'in_progress', 8, 'На своих окнах тоже помещены.', 'Произнесенное метко, все равно что для немца газеты или клуб, то скоро около экипажа накопилась их.', 0x00000000010100000062838593340b4540705e9cf8ead26340, '1994-08-31 00:00:00', 8887, 6, NULL),
(4, '2023-03-02 00:38:36', 'in_progress', 9, 'Кирила, сын служит в палате.', 'Попадались почти смытые дождем вывески с кренделями и сапогами, кое-где с нарисованными цветами на.', 0x0000000001010000003ed00a0c595f42c0b96fb54e5c6e1140, '2012-07-09 00:00:00', 1807, 4, NULL),
(5, '2023-03-02 00:38:36', 'failed', 2, 'Да не найдешь слов с вами! и.', 'Москве торговал, одного оброку приносил — по восьми гривенок! — Что ж, душа моя, — сказал Чичиков.', 0x000000000101000000412ac58ec6f555405e49f25cdf8744c0, '1978-12-25 00:00:00', 2221, 6, NULL),
(6, '2023-03-02 00:38:36', 'new', 7, 'Прощайте! Благодарю, что.', 'Сказал бы и сами, потому что нагрузился, кажется, вдоволь и, сидя на лавках перед воротами в своих.', 0x0000000001010000004221020ea14b5640eacf7ea4081064c0, '1996-01-23 00:00:00', 6798, 7, NULL),
(7, '2023-03-02 00:38:36', 'done', 6, 'И не просадил бы! ей-богу.', 'По «два с полтиною содрал за мертвую душу, чертов кулак!» Он был в самом деле что-то.', 0x000000000101000000423ee8d9acfa1840605ad42739606340, '1983-02-17 00:00:00', 5110, 3, NULL),
(8, '2023-03-02 00:38:36', 'cancelled', 3, 'Чичиков. — Вот на этом поле.', 'Что ж, душенька, пойдем обедать, — сказала хозяйка. Чичиков подвинулся к пресному пирогу с яйцом.', 0x000000000101000000dacbb6d3d6b43a40810871e5ec5343c0, '1971-02-23 00:00:00', 3827, 5, NULL),
(9, '2023-03-02 00:38:36', 'new', 10, 'Кавказ. Нет, эти господа.', 'А, так вы покупщик! Как же жаль, право, что я офицер. Вы можете — это бараний бок с кашей! Это не.', 0x000000000101000000d94125ae630a53c064e597c118053ec0, '1999-04-03 00:00:00', 2051, 4, NULL),
(10, '2023-03-02 00:38:36', 'in_progress', 9, 'Куда ж еще вы их называете.', 'Ноздрев божился, что заплатил десять тысяч. — Десять тысяч ты за это, скотовод эдакой! Поцелуй.', 0x000000000101000000936fb6b931d93840bc7669c3611960c0, '2021-06-16 00:00:00', 9812, 5, NULL),
(11, '2023-03-02 00:38:36', 'cancelled', 2, 'Лучше я съем двух блюд, да.', 'Отерши пот, Чичиков решился попробовать, нельзя ли ее навести «на путь какою-нибудь иною стороною.', 0x000000000101000000e0826c59be9c524086e63a8db4985340, '2001-12-16 00:00:00', 3843, 5, NULL),
(12, '2023-03-02 00:38:36', 'new', 9, 'Один раз, впрочем, лицо его.', 'Заседатель тож хороший конь… Ну, ну! что потряхиваешь ушами? Ты, дурак, слушай, коли говорят! я.', 0x000000000101000000cff753e3a51155c01fdac70a7e374e40, '1976-04-19 00:00:00', 3415, 7, NULL),
(13, '2023-03-02 00:38:36', 'new', 2, 'Бобелину и дрозда в клетке.', 'Н. В. Гоголя.)]] Но, увидевши, что дело не от мира — сего. Тут вы с своей стороны не подал к тому.', 0x0000000001010000006b28b517d1e847c065355d4f74005bc0, '1993-01-22 00:00:00', 9539, 6, NULL),
(14, '2023-03-02 00:38:36', 'in_progress', 2, 'Манилов будет поделикатней.', 'Видишь, какая дрянь! — говорил — Чичиков Засим не пропустили председателя палаты, почтмейстера и.', 0x00000000010100000071033e3f8c8f5040cf2f4ad05f135c40, '2004-06-01 00:00:00', 3305, 2, NULL),
(15, '2023-03-02 00:38:36', 'cancelled', 5, 'Ну, послушай, хочешь метнем.', 'Даже сам гнедой и Заседатель тож хороший конь… Ну, ну! что потряхиваешь ушами? Ты, дурак, слушай.', 0x00000000010100000043041c4295fa43c082ffad64c72f65c0, '1997-02-09 00:00:00', 1544, 6, NULL),
(16, '2023-03-02 00:38:36', 'failed', 8, 'Плут, однако ж, ему много.', 'Ему — хотелось заехать к Плюшкину, у которого, по старому поверью, почитали необходимым держать.', 0x0000000001010000007fbf982d597d4940f609a018594258c0, '2012-06-03 00:00:00', 7853, 5, NULL),
(17, '2023-03-02 00:38:36', 'new', 7, 'Да что ж, душенька, пойдем.', 'Правда, правда, — народилось, да что в них есть в мире. Но герой наш глядел на них минуты две.', 0x0000000001010000005b971aa19f005640048e041aecc46040, '1985-11-18 00:00:00', 4133, 6, NULL),
(18, '2023-03-02 00:38:36', 'done', 6, 'Вон столбовая дорога! — А.', 'Не хочу. — Ну нет, не мечта! Я вам доложу, каков был Михеев, так вы покупщик! Как же бы это.', 0x00000000010100000052d50451f78c54c0a27a6b60aba03fc0, '2013-02-08 00:00:00', 8962, 5, NULL),
(19, '2023-03-02 00:38:36', 'done', 4, 'Миняй сели оба на коренного.', 'Этим обед и вечер к полицеймейстеру, где с трех часов после обеда засели в вист и играли до двух.', 0x00000000010100000023f8df4a76ca4dc0fbcbeec9c37a2dc0, '1999-10-06 00:00:00', 2474, 2, NULL),
(20, '2023-03-02 00:38:36', 'in_progress', 6, 'Фронтон тоже никак не была.', 'Да мне хочется, чтобы и комнату его украшали тоже люди крепкие и здоровые. Возле Бобелины, у.', 0x000000000101000000321d3a3defcc4d4014cd0358e43b5cc0, '1997-01-19 00:00:00', 1366, 3, NULL),
(21, '2023-03-02 00:38:36', 'in_progress', 5, 'Селифана не было бы трудно.', 'Эх, отец мой, и не купил бы. — Что ж, душенька, так у них у — меня очень обидишь. — Пустяки.', 0x000000000101000000139d6516a19438402121ca1734d164c0, '2019-10-29 00:00:00', 1868, 7, NULL),
(22, '2023-03-02 00:38:36', 'in_progress', 9, 'Он улыбался заманчиво, был.', 'Хоть бы мне листок подарил! а у — которого уже не ртом, а чрез минуту потом прибавил, что казна.', 0x0000000001010000002bdcf291948a46c0e013eb5479e161c0, '1993-11-23 00:00:00', 5136, 1, NULL),
(23, '2023-03-02 00:38:36', 'new', 8, 'У — меня такой недостаток.', 'А Еремей Сорокоплёхин! да этот — сейчас, если что-нибудь встретит, букашку, козявку, так уж.', 0x000000000101000000946de00ed44c56c04694f6065f203940, '1985-03-09 00:00:00', 5752, 7, NULL),
(24, '2023-03-02 00:38:36', 'in_progress', 8, 'Наконец вошел он в гвардии.', 'За водочку, барин, не знаю. — Такая, право, ракалия! Ну, послушай, чтоб доказать тебе, что я один.', 0x0000000001010000008c0fb3976dc33ac0de205a2bda924840, '2016-06-18 00:00:00', 1793, 4, NULL),
(25, '2023-03-02 00:38:36', 'in_progress', 8, 'Какие ты страсти говоришь!.', 'Не без радости был вдали узрет полосатый шлагбаум, дававший знать, что он поднес пальцы к ушам.', 0x0000000001010000009d9fe238f02e4d40d5264eee77e835c0, '1998-09-21 00:00:00', 7297, 2, NULL),
(26, '2023-03-02 00:38:36', 'cancelled', 4, 'Потом прикрикнул на свою.', 'Москву и там чего-нибудь, но, не нашедши ничего, протер глаза, свернул опрятно и положил в свой.', 0x00000000010100000051a2258fa7e5dcbf08228b34f1595cc0, '1990-03-03 00:00:00', 9568, 7, NULL),
(27, '2023-03-02 00:38:36', 'cancelled', 5, 'Манилов, — уж она, бывало.', 'Насыщенные богатым летом, и без толку готовится на кухне? зачем довольно пусто в кладовой? зачем.', 0x000000000101000000bd1e4c8a8f7f41405726fc523f8c52c0, '1993-11-18 00:00:00', 5872, 2, NULL),
(28, '2023-03-02 00:38:36', 'done', 1, 'Говорил ни громко, ни тихо.', 'Но скоро все недовольные были прерваны среди излияний своих внезапным и совсем неожиданным.', 0x000000000101000000c4978922a4f64740bdab1e300f7f4340, '1975-04-07 00:00:00', 5811, 4, NULL),
(29, '2023-03-02 00:38:36', 'in_progress', 10, 'Хорошее чутье. — Настоящий.', 'Корамора — большой, длинный, вялый комар; иногда залетает в комнату и торчит где-нибудь одиночкой.', 0x000000000101000000567f8461c012f2bfdd0bcc0a459558c0, '1970-09-16 00:00:00', 8999, 5, NULL),
(30, '2023-03-02 00:38:36', 'in_progress', 7, 'Но Чичиков сказал ему тихо.', 'А, — давай его сюда! — Он и одной не — знакомы? Зять мой Мижуев! Мы с ним в несколько широком.', 0x0000000001010000003cda38622d0e3b401c9947fe60df54c0, '2017-03-25 00:00:00', 6685, 2, NULL);


INSERT INTO `cities` (`city_id`, `name`, `location`) VALUES
(1, 'Абаза', 0x000000000101000000e7ea22e06b534a40190a8e81ab855640),
(2, 'Абакан', 0x0000000001010000009a9e0b7e76dc4a4048a9dfe066dc5640),
(3, 'Абдулино', 0x0000000001010000001a750877c2d64a4090696d1adbd24a40),
(4, 'Абинск', 0x000000000101000000abd3dc651a6f464025485b4bb7144340),
(5, 'Агидель', 0x000000000101000000de1fef552bf34b40c0536ddc07f64a40),
(6, 'Агрыз', 0x0000000001010000003354c554fa424c40d76839d0437f4a40),
(7, 'Адыгейск', 0x000000000101000000861e317a6e704640b54e5c8e57984340),
(8, 'Азнакаево', 0x000000000101000000b0535161116e4b4042b3ebde8a894a40),
(9, 'Азов', 0x00000000010100000050cb6a15588e47407e9bb45f2db64340),
(10, 'Ак-Довурак', 0x00000000010100000090977f3edb96494056b0d7054da65640),
(11, 'Аксай', 0x00000000010100000008556af640a24740ebc726f911f04340),
(12, 'Алагир', 0x00000000010100000088c2c2a4538545403550cf71241c4640),
(13, 'Алапаевск', 0x000000000101000000314bf1a77cec4c404194d4aeaed54e40),
(14, 'Алатырь', 0x000000000101000000368c27277f6b4b40419479f53b494740),
(15, 'Алдан', 0x000000000101000000e0641bb8034e4d409ed964436d585f40),
(16, 'Алейск', 0x00000000010100000049d2dad9fc3e4a40cee15aede1b15440),
(17, 'Александров', 0x000000000101000000c69569ea2b324c40dba7e331035b4340),
(18, 'Александровск', 0x0000000001010000008ce8e802a8944d40ce908543cac94c40),
(19, 'Александровск-Сахалинский', 0x000000000101000000bf43f6e6dc724940883fd4c70dc56140),
(20, 'Алексеевка', 0x000000000101000000e859ff9da35049407eeb1e3416584340),
(21, 'Алексин', 0x00000000010100000068fd778e12414b40e962d34a21864240),
(22, 'Алзамай', 0x0000000001010000007795ffda0bc74b40688709b485aa5840),
(23, 'Алушта', 0x0000000001010000007212efa595564640144ceb257c344140),
(24, 'Альметьевск', 0x000000000101000000225cb7f75f734b40f7e2303d06264a40),
(25, 'Амурск', 0x0000000001010000009f2dd626041e49401b7fa2b2211c6140),
(26, 'Анадырь', 0x00000000010100000036ea7cd3cf2e5040820f6fe70c306640),
(27, 'Анапа', 0x0000000001010000008070f4e7917246405521d4fb7ca84240),
(28, 'Ангарск', 0x0000000001010000007cc33357bc454a4029af95d0ddf85940),
(29, 'Андреаполь', 0x000000000101000000c8a29f5f4a534c40ffd192228d214040),
(30, 'Анжеро-Судженск', 0x0000000001010000000e0e9b6d130a4c40f14cc34b4b815540),
(31, 'Анива', 0x000000000101000000bb6477dc4b5b474091e56e21d9d06140),
(32, 'Апатиты', 0x0000000001010000000f0d8b5157e45040fec8be750fb44040),
(33, 'Апрелевка', 0x000000000101000000a822707f89c34b402810768a55884240),
(34, 'Апшеронск', 0x0000000001010000009a7741e9b03a4640bae303f170dd4340),
(35, 'Арамиль', 0x00000000010100000078ba4e7ee6584c4067edb60bcd6a4e40),
(36, 'Аргун', 0x000000000101000000cc9e5fef59a545409023e70eacef4640),
(37, 'Ардатов', 0x00000000010100000018a600625c6c4b40b0b1a60de21e4740),
(38, 'Ардон', 0x000000000101000000c0a9b46a7c9645407596b43dd5254640),
(39, 'Арзамас', 0x000000000101000000def9ea4f87b24b40bbb9f8db9eeb4540),
(40, 'Аркадак', 0x00000000010100000056cc52fc29f84940407e80fff7bf4540),
(41, 'Армавир', 0x000000000101000000669824e02180464043209738f2904440),
(42, 'Армянск', 0x000000000101000000582bc9f08e0d47408ffcc1c073d84040),
(43, 'Арсеньев', 0x000000000101000000f8aa9509bf144640070951bea0a86040),
(44, 'Арск', 0x000000000101000000bd056dcdb10b4c402b5327fb42f04840),
(45, 'Артем', 0x000000000101000000f06e6589ceac4540f8af07ee1b856040),
(46, 'Артемовск', 0x000000000101000000bfdc8200742c4b4027b792c2e15b5740),
(47, 'Артемовский', 0x000000000101000000e2b7d73851ab4c4075c5313784f24e40),
(48, 'Архангельск', 0x0000000001010000000a12dbdd832250405a21f6532d424440),
(49, 'Асбест', 0x0000000001010000000d45cbcbab804c405f48e240a3ba4e40),
(50, 'Асино', 0x0000000001010000005eb642fdd37e4c4014d852f64c8b5540),
(51, 'Астрахань', 0x000000000101000000d305065acb2e474085926ef02a074840),
(52, 'Аткарск', 0x000000000101000000ff999c35d3ef4940dd04847b0a804640),
(53, 'Ахтубинск', 0x000000000101000000b7aa36493d234840ddd8470268184740),
(54, 'Ачинск', 0x000000000101000000a74709b07e204c409430d3f6af9e5640),
(55, 'Аша', 0x000000000101000000e3a6069acf7e4b4054162aa4a1a34c40),
(56, 'Бабаево', 0x000000000101000000ec8497e0d4b14d400c1357df0af84140),
(57, 'Бабушкин', 0x000000000101000000e8363c180cdb49400ad05be182775a40),
(58, 'Бавлы', 0x0000000001010000008d38ae9003344b4047448c32769f4a40),
(59, 'Багратионовск', 0x00000000010100000089b8944e7f314b405a4a969350a43440),
(60, 'Байкальск', 0x000000000101000000c44e67ddf5c24940c93f8e4182095a40),
(61, 'Баймак', 0x00000000010100000006aa3583ae4b4a400a849d62d5274d40),
(62, 'Бакал', 0x0000000001010000005451611168784b40a69d9acb0d674d40),
(63, 'Баксан', 0x000000000101000000a9ab96cf4dd74540ab14f18c6cc44540),
(64, 'Балабаново', 0x00000000010100000068b922e7b3964b408179c8940f544240),
(65, 'Балаково', 0x000000000101000000cc5944b9d9024a4069ead04433e44740),
(66, 'Балахна', 0x00000000010100000007dfeaef5b3f4c40c6b5ebefb6c94540),
(67, 'Балашиха', 0x000000000101000000aa53d44feee54b4072439d0315f84240),
(68, 'Балашов', 0x0000000001010000001a96f551fcc44940658396bf8c974540),
(69, 'Балей', 0x00000000010100000039036dbc85ca4940daa3dc22d5285d40),
(70, 'Балтийск', 0x0000000001010000001019a07e61534b4055cb8c6d08ea3340),
(71, 'Барабинск', 0x000000000101000000c485f2f400ad4b4096815e132d965340),
(72, 'Барнаул', 0x000000000101000000b76114048fac4a402acf17d6e8f15440),
(73, 'Барыш', 0x000000000101000000beeebe74a4d34a40cde506431d8f4740),
(74, 'Батайск', 0x000000000101000000cdaca580b491474033cb54771be04340),
(75, 'Бахчисарай', 0x000000000101000000ad4d637b2d60464041310d1e01f04040),
(76, 'Бежецк', 0x00000000010100000014758b659fe44c409b3c65355d584240),
(77, 'Белая Калитва', 0x000000000101000000db8b683ba61648407ce99216d3664440),
(78, 'Белая Холуница', 0x000000000101000000027278f7b66b4d40cd11e8024d6c4940),
(79, 'Белгород', 0x000000000101000000ed157195824c4940cc9c8944fc4a4240),
(80, 'Белебей', 0x000000000101000000597a23a93b0d4b406b5bde663b0e4b40),
(81, 'Белев', 0x000000000101000000a80d98d1d9e74a40aa04d550b4114240),
(82, 'Белинский', 0x000000000101000000ad82bd2e687b4a40dfeef66a91b54540),
(83, 'Белово', 0x000000000101000000199936d208364b4086a867e66e935540),
(84, 'Белогорск', 0x0000000001010000004167d2a6ea75494062ed39fa290f6040),
(85, 'Белозерск', 0x000000000101000000c0fffbf8f0034e4088afc0a101e54240),
(86, 'Белокуриха', 0x000000000101000000e90885ad7eff49401b29006bfa3e5540),
(87, 'Беломорск', 0x0000000001010000008710fc146c2250401ba7d71cd6634140),
(88, 'Белорецк', 0x000000000101000000962cdd13dafb4a406fe5db7179344d40),
(89, 'Белореченск', 0x0000000001010000004100ba79f46146405cf22ecd63f04340),
(90, 'Белоусово', 0x000000000101000000d8405f1f428c4b40d91b21a8bf564240),
(91, 'Белоярский', 0x00000000010100000092ea3bbf28db4f40c1cb67d457ab5040),
(92, 'Белый', 0x000000000101000000e380a7dab8ea4b407d25ebcb2d784040),
(93, 'Бердск', 0x000000000101000000e78c28ed0d614b4006dc4eb6dcc65440),
(94, 'Березники', 0x000000000101000000010d800239b44d40758e01d9eb664c40),
(95, 'Березовский', 0x000000000101000000c6980524abd54b40517cc6cf90915540),
(96, 'Беслан', 0x000000000101000000b514353dcd9845402195bd0056444640),
(97, 'Бийск', 0x000000000101000000e37f3c050a454a404dc68c4bb04d5540),
(98, 'Бикин', 0x00000000010100000093da30afc8684740e5411fd129c86040),
(99, 'Билибино', 0x000000000101000000aa245756bf0351405110e1040bce6440),
(100, 'Биробиджан', 0x000000000101000000dffdf15eb5654840fbb8910d7f9d6040),
(101, 'Бирск', 0x000000000101000000738c1a0236b54b400c04013274c74b40),
(102, 'Бирюсинск', 0x000000000101000000d23f1c7ffdfa4b408eb74bd180745840),
(103, 'Бирюч', 0x00000000010100000042c7b370fe5249408e4ea78647334340),
(104, 'Благовещенск', 0x0000000001010000001077f52a32254940f23515f3bde15f40),
(105, 'Благодарный', 0x000000000101000000ca49cdc3ae8c4640fb9fb25021b74540),
(106, 'Бобров', 0x0000000001010000009bf8b4d48b8b49408e36339f18044440),
(107, 'Богданович', 0x0000000001010000003fdfbb7262634c4056c50a6def054f40),
(108, 'Богородицк', 0x000000000101000000c21d030d91e24a405960d916af0f4340),
(109, 'Богородск', 0x000000000101000000580053060e0d4c405c566133c0c14540),
(110, 'Боготол', 0x000000000101000000a1866f61dd1a4c403ad274d1eb615640),
(111, 'Богучар', 0x000000000101000000b4ba8be6b7f74840ae72576595474440),
(112, 'Бодайбо', 0x0000000001010000004348cca266ec4c4078eba122f38b5c40),
(113, 'Бокситогорск', 0x0000000001010000009346bbc09bbc4d4099a5f8533eec4040),
(114, 'Болгар', 0x0000000001010000002e292d12c97c4b406f5287cbe0834840),
(115, 'Бологое', 0x000000000101000000fa449e245df14c40bd512b4cdf064140),
(116, 'Болотное', 0x000000000101000000a717c627aed54b40f496619200195540),
(117, 'Болохово', 0x0000000001010000003b151516810a4b4069723106d6e94240),
(118, 'Болхов', 0x000000000101000000e06014a9d5b84a40eae34636fc004240),
(119, 'Большой Камень', 0x000000000101000000d43373373e8e4540359b221b238b6040),
(120, 'Бор', 0x0000000001010000002478e860a22d4c4026ca390c41084640),
(121, 'Борзя', 0x000000000101000000aba22e089b314940700e322482215d40),
(122, 'Борисоглебск', 0x0000000001010000008e379e74c7ae49408dd0cfd4eb0c4540),
(123, 'Боровичи', 0x000000000101000000168d107926314d4011e9126976f54040),
(124, 'Боровск', 0x0000000001010000002f3201bf469b4b40eb234b41123f4240),
(125, 'Бородино', 0x00000000010100000043650d28e5f34b404c11853bbcb95740),
(126, 'Братск', 0x00000000010100000028a325ea60134c401a01704793685940),
(127, 'Бронницы', 0x000000000101000000ced9a78878b64b400e46915acd214340),
(128, 'Брянск', 0x0000000001010000002df3b116fa9e4a402c144438c12e4140),
(129, 'Бугульма', 0x000000000101000000f8b880e1a6444b40da20ee450f654a40),
(130, 'Бугуруслан', 0x000000000101000000842fa75f7dd34a40765a12fb5f374a40),
(131, 'Буденновск', 0x0000000001010000002695df5806644640efc3e68821154640),
(132, 'Бузулук', 0x00000000010100000075c707e2e1644a40ef61e58695214a40),
(133, 'Буинск', 0x0000000001010000000c5de4f9677b4b4066fa809b20254840),
(134, 'Буй', 0x00000000010100000034ba83d8993c4d40b0e83125edc34440),
(135, 'Буйнакск', 0x000000000101000000be0b00fa226945405ae322ade78e4740),
(136, 'Бутурлиновка', 0x000000000101000000127640c8686a49406446d334834c4440),
(137, 'Валдай', 0x0000000001010000008815c9b2bbfd4c401c68f459549e4040),
(138, 'Валуйки', 0x000000000101000000ad6642380b1b4940c991cec0c80c4340),
(139, 'Велиж', 0x000000000101000000a053909f8dcd4b4035a3d57f8c2f3f40),
(140, 'Великие Луки', 0x000000000101000000a45d3b07852a4c40070b2769fe8c3e40),
(141, 'Великий Новгород', 0x000000000101000000f34fba3ebd424d409761928087463f40),
(142, 'Великий Устюг', 0x000000000101000000536d814e52614e40300620ff16274740),
(143, 'Вельск', 0x000000000101000000bf6cf1df72884e4013921678380d4540),
(144, 'Венев', 0x000000000101000000b5aa80d6572d4b402905dd5ed2214340),
(145, 'Верещагино', 0x000000000101000000c642be95360a4d4076d54d733c544b40),
(146, 'Верея', 0x000000000101000000d22ef02609af4b40f34b0ee901144240),
(147, 'Верхнеуральск', 0x0000000001010000002af004b122f04a409662a29cc39b4d40),
(148, 'Верхний Тагил', 0x0000000001010000002c1f93d629b04c40b9556bbccff94d40),
(149, 'Верхний Уфалей', 0x000000000101000000db3e9aa03c064c40e770adf6b01d4e40),
(150, 'Верхняя Пышма', 0x000000000101000000d2bd9877e67c4c401f80d4264e484e40),
(151, 'Верхняя Салда', 0x000000000101000000db2ed91df7054d408a63134f2c474e40),
(152, 'Верхняя Тура', 0x0000000001010000002fd8b221a42e4d40548ac2d3d0e94d40),
(153, 'Верхотурье', 0x000000000101000000257497c4596e4d4088b36cf7bc674e40),
(154, 'Верхоянск', 0x00000000010100000027de019e34e35040c1ea234b81ac6040),
(155, 'Весьегонск', 0x0000000001010000002fd6dc7646544d402e910bcee0a04240),
(156, 'Ветлуга', 0x000000000101000000009013268ced4c40307205ca5ce34640),
(157, 'Видное', 0x00000000010100000030b0d870a2c64b40c09dfaf664da4240),
(158, 'Вилюйск', 0x0000000001010000002a3009bc38e04f407625b84725685e40),
(159, 'Вилючинск', 0x0000000001010000002fa4c34318774a40b5a272b8fbcc6340),
(160, 'Вихоревка', 0x000000000101000000e827e66a750f4c40965d30b8e64a5940),
(161, 'Вичуга', 0x0000000001010000009082a7902b9a4c40c2ac0617e1f44440),
(162, 'Владивосток', 0x0000000001010000005b311290e58e45401d76df313c7c6040),
(163, 'Владикавказ', 0x00000000010100000061f82ddf9f824540e63114c149574640),
(164, 'Владимир', 0x0000000001010000003624496b67104c4090bc732843344440),
(165, 'Волгоград', 0x000000000101000000809bc58b855a484072edfabb2d424640),
(166, 'Волгодонск', 0x00000000010100000062a5dd431dc24740192543e966194540),
(167, 'Волгореченск', 0x0000000001010000009c58969e9fb84c408b00023164944440),
(168, 'Волжск', 0x00000000010100000010f1c5cd5fee4b4087dd770c8f2f4840),
(169, 'Волжский', 0x000000000101000000a8d5a1e41f664840aa3418d9845f4640),
(170, 'Вологда', 0x000000000101000000eb5b412ecc9f4d40d5438f73f6ea4340),
(171, 'Володарск', 0x00000000010100000031cb434bc31b4c401ed14e1773944540),
(172, 'Волоколамск', 0x0000000001010000008a26ab7d95044c4058d06a37b0fa4140),
(173, 'Волосово', 0x0000000001010000006d9c03bae5b84d40b0928fdd057e3d40),
(174, 'Волхов', 0x000000000101000000ac0b2e0c47f34d403e22a644122d4040),
(175, 'Волчанск', 0x000000000101000000b2497ec4aff74d40552bb8c4360a4e40),
(176, 'Вольск', 0x00000000010100000050ebec1ae3054a40d80baab294b14740),
(177, 'Воркута', 0x000000000101000000f32d628ed4df5040dc48d922e9035040),
(178, 'Воронеж', 0x000000000101000000bca47be761d4494046764aac31994340),
(179, 'Ворсма', 0x00000000010100000036936fb6b9fe4b4030b4df7fd0a24540),
(180, 'Воскресенск', 0x000000000101000000548d5e0d50a74b4072480fe8f1594340),
(181, 'Воткинск', 0x000000000101000000ae4dbe34a0864c40313f373465fe4a40),
(182, 'Всеволожск', 0x00000000010100000086a867e66e024e402ad725f444a53e40),
(183, 'Вуктыл', 0x00000000010100000006291d5146ee4f40e68013c083a84c40),
(184, 'Выборг', 0x00000000010100000006cdf808465b4e409759df1b9ebb3c40),
(185, 'Выкса', 0x000000000101000000c4fefc080da94b400df90c4d7e154540),
(186, 'Высоковск', 0x00000000010100000020ec14ab062b4c404f0c248337434240),
(187, 'Высоцк', 0x000000000101000000f931416898504e40194c0d7e2c923c40),
(188, 'Вытегра', 0x00000000010100000029d7ca3ad2804e401ea9bef38b394240),
(189, 'Вышний Волочек', 0x0000000001010000001520651fbfc84c409260055328454140),
(190, 'Вяземский', 0x0000000001010000007e75b05989c447400a7ceafd2bd86040),
(191, 'Вязники', 0x0000000001010000000bc8a87c19264c4084f5dac765224540),
(192, 'Вязьма', 0x000000000101000000a2e1de46149b4b404d34a37ac6254140),
(193, 'Вятские Поляны', 0x000000000101000000845671f4421d4c40ee653623de874940),
(194, 'Гаврилов Посад', 0x000000000101000000a713bf1880474c40e380a7dab80f4440),
(195, 'Гаврилов-Ям', 0x000000000101000000b5b1c86592a74c4093b53cc560ed4340),
(196, 'Гагарин', 0x000000000101000000cf030e57bdc64b40a910340b597f4140),
(197, 'Гаджиево', 0x0000000001010000002c8b78a1ef4f514037df88ee59a84040),
(198, 'Гай', 0x000000000101000000c33a9f4b82bb494099b10d81c8384d40),
(199, 'Галич', 0x0000000001010000002011aedbfb304d40ff4ea445c72e4540),
(200, 'Гатчина', 0x0000000001010000004c76c7bd54c84d40ee4e88cad0203e40),
(201, 'Гвардейск', 0x000000000101000000c272dfc556544b40dde396a0d00c3540),
(202, 'Гдов', 0x000000000101000000adfc3218235f4d40b39cdf8b8ad33b40),
(203, 'Геленджик', 0x00000000010100000025da9fd51348464021e461461d0a4340),
(204, 'Георгиевск', 0x00000000010100000086274fb406134640f61ca21babbc4540),
(205, 'Глазов', 0x000000000101000000ead4f08865114d4086f3ba8fed544a40),
(206, 'Голицыно', 0x0000000001010000004d00b49c3acf4b409f701bb2267e4240),
(207, 'Горбатов', 0x000000000101000000fe11e1babd104c405cc246fe05884540),
(208, 'Горно-Алтайск', 0x00000000010100000068267387a8fa4940537f187c757d5540),
(209, 'Горнозаводск', 0x00000000010100000052488d64ea2f4d401a845e2459294d40),
(210, 'Горняк', 0x0000000001010000007149c44abb7f4940c0f51730b75d5440),
(211, 'Городец', 0x000000000101000000735d9d0887524c40c53d963e74bc4540),
(212, 'Городище', 0x000000000101000000885b4fbeeaa24a405471e316f3d94640),
(213, 'Городовиковск', 0x00000000010100000044e0a359340b47408286a350bbf74440),
(214, 'Гороховец', 0x000000000101000000116a2b9bde194c404776a565a4584540),
(215, 'Горячий Ключ', 0x00000000010100000016c49b9031514640faba67b85c914340),
(216, 'Грайворон', 0x000000000101000000bdc392173e3e4940937b702d49d54140),
(217, 'Гремячинск', 0x0000000001010000009443d5f901484d4004ba40930eed4c40),
(218, 'Грозный', 0x000000000101000000468d53beb1a845408400cfac5bd94640),
(219, 'Грязи', 0x000000000101000000e565a8e5623e4a40486aa16472f74340),
(220, 'Грязовец', 0x000000000101000000b23a281719704d4073672618ce1f4440),
(221, 'Губаха', 0x000000000101000000cafb389a236b4d40e67a3606f8c64c40),
(222, 'Губкин', 0x000000000101000000197be5304ea449406697b90a73c44240),
(223, 'Губкинский', 0x000000000101000000e5ed08a7851c504066005e552c1e5340),
(224, 'Гудермес', 0x0000000001010000008976ba980bad454007d968ef420d4740),
(225, 'Гуково', 0x000000000101000000eb9a7faac005484090f9804067f94340),
(226, 'Гулькевичи', 0x000000000101000000b698446227ae46401ce5057d8e584440),
(227, 'Гурьевск', 0x000000000101000000a82e2af3a0624b40ab329de7999a3440),
(228, 'Гусев', 0x00000000010100000013c3c4d5b74b4b4036f80cf2c4313640),
(229, 'Гусиноозерск', 0x000000000101000000892c2d7eaea4494080da03087aa15a40),
(230, 'Гусь-Хрустальный', 0x00000000010100000093acc3d155cf4b409d256d4f35544440),
(231, 'Давлеканово', 0x00000000010100000093269474831c4b404cbfe90203844b40),
(232, 'Дагестанские Огни', 0x000000000101000000b89965aabb0e454063fdb0efd4184840),
(233, 'Далматово', 0x000000000101000000883fd4c78d214c406e426b8f28784f40),
(234, 'Дальнегорск', 0x0000000001010000000ce47e2ce9464640c1a7debf1ef26040),
(235, 'Дальнереченск', 0x0000000001010000005940571124f74640659f11b669b76040),
(236, 'Данилов', 0x000000000101000000e4c6e358cd174d400caeb9a3ff164440),
(237, 'Данков', 0x000000000101000000cc4065fcfba04a40d93d7958a8924340),
(238, 'Дегтярск', 0x000000000101000000f508da89375a4c40e8cc2cf8230a4e40),
(239, 'Дедовск', 0x0000000001010000008d8bb49e6bef4b4098a02bb6ee8f4240),
(240, 'Демидов', 0x000000000101000000fda4356156a24b40e8fa99d596813f40),
(241, 'Дербент', 0x0000000001010000007dcb9c2e8b0745404785fb123b254840),
(242, 'Десногорск', 0x0000000001010000009dfd37e5c0124b407dfd5aa846a44040),
(243, 'Джанкой', 0x000000000101000000db72897ec8da4640c1feebdcb4314140),
(244, 'Дзержинск', 0x000000000101000000708cae1c6b1e4c40235f5331dfba4540),
(245, 'Дзержинский', 0x0000000001010000006ed685c4e2cf4b403608ce740aec4240),
(246, 'Дивногорск', 0x0000000001010000002f4503c298fa4b40cf2c095053185740),
(247, 'Дигора', 0x000000000101000000aa82ac0210944540c696d4bfda134640),
(248, 'Димитровград', 0x00000000010100000038a85890c11b4b4046b5882826d04840),
(249, 'Дмитриев', 0x00000000010100000092b476363f104a4058c3ea3477894140),
(250, 'Дмитров', 0x0000000001010000002f1fa402822c4c40c9192f826bc34240),
(251, 'Дмитровск', 0x000000000101000000414c1d3faf404a40a31ea2d11d924140),
(252, 'Дно', 0x00000000010100000043b8b87cdae94c4021f5e85784f63d40),
(253, 'Добрянка', 0x00000000010100000009466f021d3c4d401002976ce1344c40),
(254, 'Долгопрудный', 0x000000000101000000558f8f7120f84b4046de286849c14240),
(255, 'Долинск', 0x0000000001010000008a3265f1aca947406c5ed5596dd96140),
(256, 'Домодедово', 0x0000000001010000002ae67ba1dbb74b40726083cf20e24240),
(257, 'Донецк', 0x00000000010100000002902452e42a48404770c8ab18f94340),
(258, 'Донской', 0x0000000001010000009072e60de6fb4a407fefdbb5292b4340),
(259, 'Дорогобуж', 0x00000000010100000017612fb9f6744b403d2e05ffb6a64040),
(260, 'Дрезна', 0x0000000001010000009b78623145df4b40f80f3345ca6c4340),
(261, 'Дубна', 0x00000000010100000078eba122f35e4c40e3ef28df7d964240),
(262, 'Дубовка', 0x0000000001010000009e67a2be1b8748400c51cfccdd694640),
(263, 'Дудинка', 0x0000000001010000002c1a21f2cc595140a988d349368c5540),
(264, 'Духовщина', 0x00000000010100000016478a6df7984b40ef40f8ab5b334040),
(265, 'Дюртюли', 0x0000000001010000003ab995140ebe4b40d95f764f1e6d4b40),
(266, 'Дятьково', 0x00000000010100000001440b1a44cc4a401e8997a7732d4140),
(267, 'Евпатория', 0x0000000001010000007b8d131560984640fb592c45f2ae4040),
(268, 'Егорьевск', 0x0000000001010000000784317d0ab14b40663623de95844340),
(269, 'Ейск', 0x00000000010100000027704628115b47409d0fcf1264234340),
(270, 'Екатеринбург', 0x000000000101000000022e2350586b4c407d4c5aa7804d4e40),
(271, 'Елабуга', 0x0000000001010000005523aaa6dae04b40283cb203f8064a40),
(272, 'Елец', 0x000000000101000000932ddc03be4e4a40b6fa4564b3434340),
(273, 'Елизово', 0x000000000101000000400812256b974a40a86219d16ccc6340),
(274, 'Ельня', 0x000000000101000000c19c8f21b64a4b40149c55fa64964040),
(275, 'Еманжелинск', 0x000000000101000000d58ff238b1604b408c2fdae385a94e40),
(276, 'Емва', 0x000000000101000000c00413245b4c4f40785d64a7c46f4940),
(277, 'Енисейск', 0x000000000101000000d03efb3669394d40b5c5353e930a5740),
(278, 'Ермолино', 0x000000000101000000d3b7713040994b405fd8f5662f4c4240),
(279, 'Ершов', 0x000000000101000000894d1a59e8ac49403b2ef4d25e234840),
(280, 'Ессентуки', 0x0000000001010000004679e6e5b0054640c0a3d7b0f06d4540),
(281, 'Ефремов', 0x00000000010100000019ff3ee3c2924a4001ac448fce0b4340),
(282, 'Железноводск', 0x000000000101000000cb283ba2e7104640221add41ec834540),
(283, 'Железногорск', 0x0000000001010000007083352960204c40ab402d060f625740),
(284, 'Железногорск-Илимский', 0x00000000010100000067dc8ab3d84a4c40f6a166a34e075a40),
(285, 'Жердевка', 0x00000000010100000050f39f7fcceb4940b7ddba511abb4440),
(286, 'Жигулевск', 0x0000000001010000005512d90759b34a4038f6ecb94cbf4840),
(287, 'Жиздра', 0x000000000101000000cf650f5949e04a40b27c02cd8c5e4140),
(288, 'Жирновск', 0x00000000010100000092d50858067d49404999791794644640),
(289, 'Жуков', 0x00000000010100000072ace694db834b409bc2ef4ba25e4240),
(290, 'Жуковка', 0x000000000101000000e8493e1b5ec44a4087ffcfbc77dd4040),
(291, 'Жуковский', 0x0000000001010000003b675595c7cc4b4073f6ce68ab0f4340),
(292, 'Завитинск', 0x000000000101000000dd89a3bca00d494007df45a90e2e6040),
(293, 'Заводоуковск', 0x000000000101000000e0cf3af427404c40ff48c78b3ba35040),
(294, 'Заволжск', 0x000000000101000000c7f6b589eebe4c40bebd6bd097114540),
(295, 'Заволжье', 0x000000000101000000aa8a5f67f9514c4088f71c588eb14540),
(296, 'Задонск', 0x000000000101000000fce82f4f42334a40bcb84379d5754340),
(297, 'Заинск', 0x0000000001010000003e2075e041a64b4018721184d0004a40),
(298, 'Закаменск', 0x000000000101000000aa7a9ee4b32f49403d128a085ad25940),
(299, 'Заозерный', 0x000000000101000000e7d720dd19fb4b403f3e7cf461ad5740),
(300, 'Заозерск', 0x0000000001010000005b0a48fb9f59514031b610e4a0394040),
(301, 'Западная Двина', 0x0000000001010000009a4d36d4de204c4018135102510a4040),
(302, 'Заполярный', 0x000000000101000000486aa164725a51402ec5faab6ccc3e40),
(303, 'Зарайск', 0x000000000101000000ebb996da9c614b403ecdc98b4c714340),
(304, 'Заречный', 0x000000000101000000ab1b94d519994a40518eb8b6a6954640),
(305, 'Заринск', 0x000000000101000000e20511a969da4a4080ec9a359d3b5540),
(306, 'Звенигово', 0x000000000101000000f6ac10fba9fc4b408f90dcf52d024840),
(307, 'Звенигород', 0x0000000001010000005c4e531564dd4b4021a4b8f4796d4240),
(308, 'Зверево', 0x0000000001010000003ffd67cd8f0548409a8e4afb30104440),
(309, 'Зеленогорск', 0x0000000001010000001711209e800e4c40945ee51ab0a55740),
(310, 'Зеленоградск', 0x000000000101000000e0354305e27a4b4089e4750eaf793440),
(311, 'Зеленодольск', 0x000000000101000000346b84d95fec4b40acb47ba823404840),
(312, 'Зеленокумск', 0x0000000001010000000dc68844a1334640ea29cd412bf14540),
(313, 'Зерноград', 0x000000000101000000a03df262bc6c4740ae2afbae08284440),
(314, 'Зея', 0x000000000101000000314514eef0dd4a402e6123ff02d15f40),
(315, 'Зима', 0x00000000010100000032af230ed9f54a40d56f703326835940),
(316, 'Златоуст', 0x000000000101000000dbbe47fdf5954b408e36339f18d64d40),
(317, 'Злынка', 0x000000000101000000f8e351859a364a40f89793066dbc3f40),
(318, 'Змеиногорск', 0x000000000101000000ee3f321d3a9449404a905bddfb8b5440),
(319, 'Знаменск', 0x0000000001010000009c0a0275144b484031ff32294fde4640),
(320, 'Зубцов', 0x0000000001010000007ea3c27d89164c40c822f202914a4140),
(321, 'Зуевка', 0x0000000001010000001ce846fd9a334d40a8250cb908914940),
(322, 'Ивангород', 0x0000000001010000001bd7bfeb33b04d40175cbdd419393c40),
(323, 'Иваново', 0x0000000001010000004474be8eee7f4c408ca5a377857c4440),
(324, 'Ивантеевка', 0x000000000101000000daa21694b3fc4b400518963fdff54240),
(325, 'Ивдель', 0x0000000001010000000f588341e3584e405de1b8e754364e40),
(326, 'Игарка', 0x0000000001010000008d9ce0f6dfdd50402cddb82036a55540),
(327, 'Ижевск', 0x0000000001010000006fec7eba266d4c40400004070f9b4a40),
(328, 'Избербаш', 0x0000000001010000007b849a2155484540136058fe7cef4740),
(329, 'Изобильный', 0x0000000001010000002ddd13da28af4640803d70dfb4da4440),
(330, 'Иланский', 0x000000000101000000c70446a8631e4c40550960144e045840),
(331, 'Инза', 0x000000000101000000c086962b72ed4a4037b0b03b382d4740),
(332, 'Инкерман', 0x0000000001010000003e8c5aab874e46405452cce616ce4040),
(333, 'Иннополис', 0x00000000010100000071c56a9846e04b409cc992944f5f4840),
(334, 'Инсар', 0x00000000010100000008ab56cb42f04a407d62f8e3512f4640),
(335, 'Инта', 0x000000000101000000847698405b8250407cfabe6ec70e4e40),
(336, 'Ипатово', 0x0000000001010000007be9dca3eddb4640360186e5cf724540),
(337, 'Ирбит', 0x000000000101000000a956ba1688d74c407554da8761874f40),
(338, 'Иркутск', 0x0000000001010000006355ce28a7244a405e9d6340f6115a40),
(339, 'Исилькуль', 0x00000000010100000039f7b2486e744b4009ade2e805d25140),
(340, 'Искитим', 0x000000000101000000732abe4637504b403e6656a5e3d25440),
(341, 'Истра', 0x0000000001010000007f8fb05efbf34b4030624447176e4240),
(342, 'Ишим', 0x000000000101000000a6fa84a22f0c4c40fb24d291b75d5140),
(343, 'Ишимбай', 0x0000000001010000000a5e995c31ba4a408692c9a99d054c40),
(344, 'Йошкар-Ола', 0x000000000101000000c2ed1a3e33514c40247ec51a2ef34740),
(345, 'Кадников', 0x000000000101000000f63240587cc04d4078e3eebd092c4440),
(346, 'Казань', 0x0000000001010000001eec037faee54b40e83d84a7468e4840),
(347, 'Калач', 0x000000000101000000bd84549b49364940d13131a715824440),
(348, 'Калачинск', 0x00000000010100000086819d51a9874b4022895e4631a45240),
(349, 'Калач-на-Дону', 0x0000000001010000007a32a42f2958484075b6db89edc34540),
(350, 'Калининград', 0x000000000101000000ba5f4f85895a4b408a085adcda813440),
(351, 'Калининск', 0x000000000101000000065559cae8bf494027abd84e4a3c4640),
(352, 'Калтан', 0x000000000101000000ab9a7ba3b1c24a40f21e0ce1bdd15540),
(353, 'Калуга', 0x0000000001010000008f6be80bc6404b4045b2913534204240),
(354, 'Калязин', 0x0000000001010000008d4c1b6904a14c40e56f8cae1ce44240),
(355, 'Камбарка', 0x000000000101000000f488d1730b224c40e40522d5c1184b40),
(356, 'Каменка', 0x000000000101000000cd6d6704c0974a403ca81f2fff054640),
(357, 'Каменногорск', 0x0000000001010000003843bb54b6794e40089e31827c213d40),
(358, 'Каменск-Уральский', 0x0000000001010000005da626c11b354c404e870442a1f54e40),
(359, 'Каменск-Шахтинский', 0x0000000001010000003f259d3704294840525f96766a224440),
(360, 'Камень-на-Оби', 0x0000000001010000004d26135c51e54a4070575469b0565440),
(361, 'Камешково', 0x0000000001010000001542bdcfa72c4c4003f85dc76e7f4440),
(362, 'Камызяк', 0x0000000001010000000a270e45260e474087d970fd60094840),
(363, 'Камышин', 0x000000000101000000dace520d560849409297906a33b14640),
(364, 'Камышлов', 0x000000000101000000dd0319a65b6c4c406aab483b245b4f40),
(365, 'Канаш', 0x0000000001010000008588e5e0e3c04b407805476ef2be4740),
(366, 'Кандалакша', 0x000000000101000000c0536ddc07ca504092c19b7f05354040),
(367, 'Канск', 0x000000000101000000cf34bcb43c1a4c40ba26eec220ed5740),
(368, 'Карабаново', 0x000000000101000000fe6fdbad1b284c400dd1d7e2095a4340),
(369, 'Карабаш', 0x000000000101000000a5e25a481bbe4b4058e13bd6311e4e40),
(370, 'Карабулак', 0x0000000001010000006a5a18d819a74540a76329ed68744640),
(371, 'Карасук', 0x000000000101000000ca76741200de4a401f9f909db7825340),
(372, 'Карачаевск', 0x000000000101000000c32e8a1ef8e24540e3ad4e290af54440),
(373, 'Карачев', 0x000000000101000000105432a59a904a407b9f4f89907e4140),
(374, 'Каргат', 0x0000000001010000006933f389e1984b40089c5bd71e125440),
(375, 'Каргополь', 0x000000000101000000212c19b61cc04e40c1c8cb9a587b4340),
(376, 'Карпинск', 0x000000000101000000e619a0d91ae24d403a35e1a826004e40),
(377, 'Карталы', 0x0000000001010000001e1e1db2dc864a40069d103ae8524e40),
(378, 'Касимов', 0x0000000001010000005bfb4c07fc774b40369b7dd415b24440),
(379, 'Касли', 0x0000000001010000000ab952cf82f14b403a6e9d24025f4e40),
(380, 'Каспийск', 0x000000000101000000cbd35ee921724540f5b63e517ed14740),
(381, 'Катав-Ивановск', 0x0000000001010000007f3d152642604b4073be333564194d40),
(382, 'Катайск', 0x0000000001010000003c25315239254c40fd7ed6a13f4a4f40),
(383, 'Качканар', 0x000000000101000000b4363234435a4d40e8ce5d5cf4bd4d40),
(384, 'Кашин', 0x0000000001010000003cfc901216ae4c40893ec4ab51ce4240),
(385, 'Кашира', 0x000000000101000000ed05b0123d6d4b4076604a6e5e184340),
(386, 'Кедровый', 0x000000000101000000a06f0b96eac74c407fab2b5558e45340),
(387, 'Кемерово', 0x0000000001010000000093af5f0bb24b407279628cfe825540),
(388, 'Кемь', 0x000000000101000000257bdf53143d50409a2fe532244c4140),
(389, 'Керчь', 0x000000000101000000efd7ae1a95ad4640f25b74b2d43b4240),
(390, 'Кизел', 0x000000000101000000dc29c2f28c864d4058c5c0dfd4d24c40),
(391, 'Кизилюрт', 0x0000000001010000006a2c06b4199a4540a614cf34bc6f4740),
(392, 'Кизляр', 0x000000000101000000295ab91798ec454031e1e187945c4740),
(393, 'Кимовск', 0x00000000010100000059b620a523fc4a40fa6f140fde444340),
(394, 'Кимры', 0x00000000010100000069554b3aca6f4c402c7d8dc987ad4240),
(395, 'Кингисепп', 0x0000000001010000005992f249ddaf4d40609b43087e9c3c40),
(396, 'Кинель', 0x00000000010100000087fbc8ad499c4a40d51cc5de30514940),
(397, 'Кинешма', 0x000000000101000000d544fa48a5b84c40bfb277eba1154540),
(398, 'Киреевск', 0x00000000010100000096c4a39e4ff74a409d691db006f64240),
(399, 'Киренск', 0x0000000001010000002d0cec8c4ae34c405f8abcf616075b40),
(400, 'Киржач', 0x000000000101000000468ce8e802134c40a33d5e48876e4340),
(401, 'Кириллов', 0x00000000010100000006ce63def4ed4d401ebd8685ff2f4340),
(402, 'Кириши', 0x000000000101000000a45b0aa3b4bc4d40a01fa1c101084040),
(403, 'Киров', 0x000000000101000000a3186a5e1f0a4b40afa8d26064274140),
(404, 'Кировград', 0x000000000101000000456c0b2a05b74c40144f875ffb074e40),
(405, 'Кирово-Чепецк', 0x000000000101000000cc2ac7bf2a474d40bca5e6bc10044940),
(406, 'Кировск', 0x000000000101000000f46e2c280cf04d4083da6fed44fb3e40),
(407, 'Кирс', 0x0000000001010000009ddc4a0a87ab4d404cc79c67ec1e4a40),
(408, 'Кирсанов', 0x000000000101000000a67c08aa46534a40fdc68d113f5d4540),
(409, 'Киселевск', 0x0000000001010000006bc317dcc5004b403e26ad53c0a85540),
(410, 'Кисловодск', 0x000000000101000000e71890bddef3454040773870bd5b4540),
(411, 'Клин', 0x0000000001010000005d209caad62b4c4023a93b05af5c4240),
(412, 'Клинцы', 0x000000000101000000827e95325f604a4002c177f6f01d4040),
(413, 'Княгинино', 0x00000000010100000062ad90a806e94b40c52a943b22844640),
(414, 'Ковдор', 0x00000000010100000076eff2be3be45040ba7e66b565793e40),
(415, 'Ковров', 0x000000000101000000c0eb33677d2d4c40561f590a92a84440),
(416, 'Ковылкино', 0x000000000101000000c9e0cdbf02054b409940b6d1a5f54540),
(417, 'Когалым', 0x0000000001010000000b598231c7214f40c5b01e52e79e5240),
(418, 'Кодинск', 0x00000000010100000058045a153c4d4d40ff6f912081cb5840),
(419, 'Козельск', 0x000000000101000000be045db175044b406ec5596ceee34140),
(420, 'Козловка', 0x000000000101000000102620819aeb4b40fe350f1604214840),
(421, 'Козьмодемьянск', 0x0000000001010000004f20ec14ab2a4c402209b1e9f7454740),
(422, 'Кола', 0x000000000101000000c5f1327939385140010e46915a834040),
(423, 'Кологрив', 0x0000000001010000009c1727beda694d401e9c99aac5284640),
(424, 'Коломна', 0x000000000101000000aa189de2278d4b40cb9b68fc67604340),
(425, 'Колпашево', 0x000000000101000000ffd0274dde274d40d617aeb3c6b95440),
(426, 'Кольчугино', 0x000000000101000000acae9eee972a4c40cd94d6df12b24340),
(427, 'Коммунар', 0x00000000010100000081762c5b90cf4d4083161230ba643e40),
(428, 'Комсомольск', 0x000000000101000000765bd88981834c4034901d0a55304440),
(429, 'Комсомольск-на-Амуре', 0x0000000001010000005ab8acc26646494080b67af340206140),
(430, 'Конаково', 0x00000000010100000066cc6e77205d4c4011853bbc8c664240),
(431, 'Кондопога', 0x0000000001010000000635d7c45d1a4f40b14170a653224140),
(432, 'Кондрово', 0x0000000001010000005b79c9ffe4654b4011f9d3ebbbf64140),
(433, 'Константиновск', 0x000000000101000000a83eeb75e6c947406fab0fda618c4440),
(434, 'Копейск', 0x0000000001010000009694bbcff18e4b4021e461461dcf4e40),
(435, 'Кораблино', 0x000000000101000000cd62186657f64a4052a4b1acea024440),
(436, 'Кореновск', 0x000000000101000000ad403e3267bb464014a46318c1ba4340),
(437, 'Коркино', 0x000000000101000000dc06ff6cf5714b40f3774a62a4b34e40),
(438, 'Королев', 0x0000000001010000009ae2bbde47f54b4087d970fd60ed4240),
(439, 'Короча', 0x00000000010100000074df7bc910684940dc05949746984240),
(440, 'Корсаков', 0x000000000101000000dd408177f2504740aea305c394d96140),
(441, 'Коряжма', 0x000000000101000000029365d2f0a44e40b743c362d48c4740),
(442, 'Костерево', 0x00000000010100000058141b9881f74b4021e9d32afacf4340),
(443, 'Костомукша', 0x00000000010100000052216816b22550408f30b19eff993e40),
(444, 'Кострома', 0x0000000001010000006500a8e2c6e64c40cb1c812ed07e4440),
(445, 'Котельники', 0x0000000001010000001059a48977d44b40064a0a2c80ee4240),
(446, 'Котельниково', 0x00000000010100000017917241c7d047409cb9d1110a914540),
(447, 'Котельнич', 0x00000000010100000061472dded9264d4022d8028c782c4840),
(448, 'Котлас', 0x000000000101000000ceb348c961a04e40774d486b0c514740),
(449, 'Котово', 0x000000000101000000d839179007294940c64bdccfce664640),
(450, 'Котовск', 0x0000000001010000008eb0a888d34b4a4036ea7cd34fc14440),
(451, 'Кохма', 0x0000000001010000005ac3a0a75c774c40077eaf7cf18b4440),
(452, 'Красавино', 0x000000000101000000b1732e200f7b4e40969526a5a03d4740),
(453, 'Красноармейск', 0x000000000101000000200bd12170834940e0f835edbdd94640),
(454, 'Красновишерск', 0x000000000101000000cb8dd8ddf2314e40a57fee70e0864c40),
(455, 'Красногорск', 0x00000000010100000033e197fa79ea4b40fc523f6f2aaa4240),
(456, 'Краснодар', 0x000000000101000000c993a46b2685464061e35531f07c4340),
(457, 'Краснозаводск', 0x0000000001010000002d1be7806e384c40217dee5fb41d4340),
(458, 'Краснознаменск', 0x000000000101000000bf16aa51fe784b40314c5c7d2b7e3640),
(459, 'Краснокаменск', 0x00000000010100000003965cc5e20b49401b35bade11825d40),
(460, 'Краснокамск', 0x000000000101000000cf166b13820a4d4034c97eccbddf4b40),
(461, 'Красноперекопск', 0x000000000101000000cb8866f915fa4640c0f91e3f65e54040),
(462, 'Краснослободск', 0x000000000101000000c7e2edf77a5a4840dd216a4716484640),
(463, 'Краснотурьинск', 0x000000000101000000e59590b4c0e14d4025091dcfc2184e40),
(464, 'Красноуральск', 0x0000000001010000008aa5ed04a02c4d406a6f4b3f3c054e40),
(465, 'Красноуфимск', 0x0000000001010000008ee497665f4e4c40d98bb2c8c0e14c40),
(466, 'Красноярск', 0x0000000001010000004436902e36014c402865adfc8d365740),
(467, 'Красный Кут', 0x000000000101000000fd738703d77a4940712a08d4517c4740),
(468, 'Красный Сулин', 0x0000000001010000005555c3d908f147407d073f71000a4440),
(469, 'Красный Холм', 0x000000000101000000d35e8e684c074d40410e4a98698e4240),
(470, 'Кременки', 0x000000000101000000d738f64773714b409acfb9dbf58e4240),
(471, 'Кропоткин', 0x0000000001010000000c8e379e74b7464000d1820651494440),
(472, 'Крымск', 0x000000000101000000bd83e9c59a7746402e1796e425fe4240),
(473, 'Кстово', 0x00000000010100000061eea4cf58124c4072022e2350154640),
(474, 'Кубинка', 0x0000000001010000004f907d35acc94b40138bcee8fd584240),
(475, 'Кувандык', 0x0000000001010000004b92e7fa3ebd4940355c89e53bae4c40),
(476, 'Кувшиново', 0x0000000001010000006a7e463360834c4088f19a5775154140),
(477, 'Кудымкар', 0x0000000001010000000f0c207c28824d40715413e923544b40),
(478, 'Кузнецк', 0x00000000010100000091f7054f7c8e4a40f8b479d2784d4740),
(479, 'Куйбышев', 0x0000000001010000009b8d3adff4bb4b40c2df8a1fbe945340),
(480, 'Кулебаки', 0x000000000101000000b24813ef00b74b40c460fe0a99414540),
(481, 'Кумертау', 0x0000000001010000007a956bc0d6604a4051d845d103e64b40),
(482, 'Кунгур', 0x00000000010100000064d5d63ed3b64c40a9948dbdcd784c40),
(483, 'Купино', 0x0000000001010000004f667220da2e4b40f1ac93e906535340),
(484, 'Курган', 0x000000000101000000e712584ae0b84b400b6aae893b545040),
(485, 'Курганинск', 0x000000000101000000f6bd3c539e714640ce28a787b24b4440),
(486, 'Курильск', 0x000000000101000000f0366f9c149d46405b176d44267c6240),
(487, 'Курлово', 0x0000000001010000003898f2c6eeb94b4079f1344f644e4440),
(488, 'Куровское', 0x0000000001010000000101c68e21ca4b40c470bf8dde754340),
(489, 'Курск', 0x000000000101000000bbbe6ac07bdd49404adfb595a8184240),
(490, 'Куртамыш', 0x000000000101000000bee4daabea774b40aefebe35e61a5040),
(491, 'Курчатов', 0x0000000001010000002ffa0ad28cd449402c30bf2e1ed44140),
(492, 'Куса', 0x000000000101000000c997ab7a54ab4b40dbbc169925b84d40),
(493, 'Кушва', 0x0000000001010000006765564a2a244d4076d377c8dee14d40),
(494, 'Кызыл', 0x000000000101000000f9e3ac3e0ddc494069ec01a9039c5740),
(495, 'Кыштым', 0x000000000101000000d668835d5eda4b407330f6b935474e40),
(496, 'Кяхта', 0x000000000101000000c42ba4575e2c494015fcdb0a069d5a40),
(497, 'Лабинск', 0x0000000001010000000013020352514640425bcea5b85c4440),
(498, 'Лабытнанги', 0x000000000101000000c912e7f230aa50403810374cd9985040),
(499, 'Лагань', 0x000000000101000000500aa9914cb246409cb34f11f1ab4740),
(500, 'Ладушкин', 0x0000000001010000003a6dd795e0484b40e3474618502b3440),
(501, 'Лаишево', 0x0000000001010000001bf741f1beb34b407b174a8160c64840),
(502, 'Лакинск', 0x000000000101000000f52801d64f024c40f24aeda06dfa4340),
(503, 'Лангепас', 0x000000000101000000c84a822678a04e405c3b511292cb5240),
(504, 'Лахденпохья', 0x00000000010100000069af99d76cc24e40118b187618333e40),
(505, 'Лебедянь', 0x000000000101000000d64c086701824a404d8578245e924340),
(506, 'Лениногорск', 0x000000000101000000b7a5c464604c4b40c4190d2abb384a40),
(507, 'Ленинск', 0x000000000101000000c35ecda6c8584840f390291f82994640),
(508, 'Ленинск-Кузнецкий', 0x000000000101000000578627aa6d554b409b7faac07f8b5540),
(509, 'Ленск', 0x000000000101000000d739611d225d4e40444717401dbd5c40),
(510, 'Лермонтов', 0x000000000101000000d468cdea780d464027e9abf58f7c4540),
(511, 'Лесной', 0x0000000001010000006b4ab20e47514d40993d1a9826e64d40),
(512, 'Лесозаводск', 0x000000000101000000176eafbb2fbd46409ae72dc364ad6040),
(513, 'Лесосибирск', 0x000000000101000000388cdd99641c4d40a0820d993c205740),
(514, 'Ливны', 0x000000000101000000f077de7cd9364a40c64e78094ecd4240),
(515, 'Ликино-Дулево', 0x000000000101000000a56f2dee9ada4b406cc54840967a4340),
(516, 'Липецк', 0x0000000001010000008b941c661e4e4a40742a74b91ccc4340),
(517, 'Липки', 0x000000000101000000174273428df84a40c6ca1e57d9d94240),
(518, 'Лиски', 0x000000000101000000f7de84e74a7f4940c7b94db857c24340),
(519, 'Лихославль', 0x000000000101000000b1dea815a68f4c40a49295babfbb4140),
(520, 'Лобня', 0x000000000101000000a92f4b3b35044c4009579b5a11bb4240),
(521, 'Лодейное Поле', 0x000000000101000000eb692c06b45d4e40c4ce143aafc64040),
(522, 'Лосино-Петровский', 0x00000000010100000065e5f27a8bef4b40ba8e2738ab194340),
(523, 'Луга', 0x00000000010100000033d5dd86625e4d401b255415bfd83d40),
(524, 'Луза', 0x0000000001010000009e1095a185504e40a97e4a3a6fa14740),
(525, 'Лукоянов', 0x0000000001010000000b783ea830844b40ecf3bd2b273f4640),
(526, 'Луховицы', 0x000000000101000000076d286b8a7b4b40a325ea6058834340),
(527, 'Лысково', 0x0000000001010000001f97827f5b034c408c3853d790844640),
(528, 'Лысьва', 0x000000000101000000b09c73a6bf0c4d40b33742507fe74c40),
(529, 'Лыткарино', 0x00000000010100000047753a90f5c94b40e70b10bba5f34240),
(530, 'Льгов', 0x00000000010100000020f12bd670d44940578627aa6da14140),
(531, 'Любань', 0x000000000101000000d3b19476b4ac4d4043273a819f3f3f40),
(532, 'Люберцы', 0x0000000001010000002dcc423ba7d94b402f75eb90f6fa4240),
(533, 'Любим', 0x000000000101000000b6ca5d95552e4d40749c363eee574440),
(534, 'Людиново', 0x000000000101000000fef565c460ef4a406b555c6622384140),
(535, 'Лянтор', 0x00000000010100000054a4671fd0d14e40c1ddfe017b0b5240),
(536, 'Магадан', 0x0000000001010000005f6e4100bac84d40deebff77dfd96240),
(537, 'Магас', 0x000000000101000000b8b87cda979545408b2f7f2a13684640),
(538, 'Магнитогорск', 0x000000000101000000d2e4bdc51eb44a40e70c7b90547d4d40),
(539, 'Майкоп', 0x000000000101000000b71cf9cd0e4e464086600b30e20c4440),
(540, 'Майский', 0x000000000101000000f448282268d04540156756009d064640),
(541, 'Макаров', 0x0000000001010000006aacb310d34f48400aad3da2f8d86140),
(542, 'Макарьев', 0x0000000001010000001aa9520ec1f04c40adce7bad95e64540),
(543, 'Макушино', 0x000000000101000000037d224f929b4b40e0096245b2cf5040),
(544, 'Малая Вишера', 0x000000000101000000a85a666c436c4d40b818a831c61c4040),
(545, 'Малгобек', 0x000000000101000000f21e0ce13dc14540e39645178a4b4640),
(546, 'Малмыж', 0x0000000001010000003ef7d4a01e434c40f495f6bcd1564940),
(547, 'Малоархангельск', 0x0000000001010000006191baf836334a40a939d44a7c404240),
(548, 'Малоярославец', 0x000000000101000000f5f7ad3143824b40da0d91894a3b4240),
(549, 'Мамадыш', 0x000000000101000000d485b3b684db4b40f06371a4d8b44940),
(550, 'Мамоново', 0x00000000010100000094c72eac763b4b40fd43447b06f23340),
(551, 'Мантурово', 0x000000000101000000d4dd2ba9c9294d40174dc2e0f5604640),
(552, 'Мариинск', 0x0000000001010000000590357e3c1b4c40034a9e46b5ef5540),
(553, 'Мариинский Посад', 0x0000000001010000006919a9f7540e4c40d44be71e6ddb4740),
(554, 'Маркс', 0x00000000010100000000474c9a50db4940ca66b38fba5e4740),
(555, 'Махачкала', 0x000000000101000000759dfccc0f7e45400c89c5b997c04740),
(556, 'Мглин', 0x000000000101000000b2d3b430b0874a4022286d60616c4040),
(557, 'Мегион', 0x000000000101000000a2f54b1f15844e407ba587fc8e065340),
(558, 'Медвежьегорск', 0x000000000101000000c2eb4493d5744f409f895528773a4140),
(559, 'Медногорск', 0x000000000101000000217dee5fb4b349400af65fe7a6ca4c40),
(560, 'Медынь', 0x0000000001010000006ced7daa0a7c4b406728ee7893f14140),
(561, 'Межгорье', 0x0000000001010000001e34bbeead1e4b40c2340c1f11fb4c40),
(562, 'Междуреченск', 0x0000000001010000002d776682e1d74a404d80064081045640),
(563, 'Мезень', 0x000000000101000000c73a66eabf755040f4a44c6a68204640),
(564, 'Меленки', 0x000000000101000000c04cca935aab4b40eacda8f92ad14440),
(565, 'Мелеуз', 0x000000000101000000f0236d99c27a4a400be6f91dd4f64b40),
(566, 'Менделеевск', 0x0000000001010000005667107a91f24b404b64d5d63e284a40),
(567, 'Мензелинск', 0x0000000001010000007a9cb34f11dd4b405fd9603cde8c4a40),
(568, 'Мещовск', 0x0000000001010000007f1e59afd8284b40a7eb89ae0ba44140),
(569, 'Миасс', 0x000000000101000000e637f17ad5854b40d9661998cb0d4e40),
(570, 'Микунь', 0x00000000010100000035ad5e8fd32d4f409d95fe6f36094940),
(571, 'Миллерово', 0x0000000001010000009a79724d817648402b01e77bfc324440),
(572, 'Минеральные Воды', 0x0000000001010000007ca98e0bbd1a4640f13ad164b5914540),
(573, 'Минусинск', 0x0000000001010000005ad2f654f3da4a40f74f81ddfaeb5640),
(574, 'Миньяр', 0x0000000001010000001369763815894b40151a886533c64c40),
(575, 'Мирный', 0x0000000001010000003858eebbd8614f406ac427f8012b4440),
(576, 'Михайлов', 0x0000000001010000004f86f425651d4b403e2e60b829814340),
(577, 'Михайловка', 0x000000000101000000bbcdc06d120949408e626f18bb9e4540),
(578, 'Михайловск', 0x000000000101000000929b3cc0ee374c405b94d920938e4d40),
(579, 'Мичуринск', 0x0000000001010000007e8ffaeb15724a407a36ab3e57414440),
(580, 'Могоча', 0x000000000101000000b1a547533dde4a403d2d9a2908f15d40),
(581, 'Можайск', 0x000000000101000000fc146cc8e4c04b403d5eedcd14034240),
(582, 'Можга', 0x0000000001010000008bdc781cab384c400a0044b0601b4a40),
(583, 'Моздок', 0x0000000001010000003cd45ba8a1df4540eb5ad6581d544640),
(584, 'Мончегорск', 0x000000000101000000d4e7b4b810fc504080d99832cb774040),
(585, 'Морозовск', 0x00000000010100000001a19a37f32c4840a43f8fac57ea4440),
(586, 'Моршанск', 0x000000000101000000633cef6bc9b84a40877ab07be1e74440),
(587, 'Мосальск', 0x00000000010100000066f2727dc43d4b401e3526c45c7e4140),
(588, 'Муравленко', 0x0000000001010000001570cff3a7e54f40605793a7ac9f5240),
(589, 'Мураши', 0x000000000101000000d6d46828a4b24d405ac3a0a75c7b4840),
(590, 'Мурманск', 0x000000000101000000425486167e405140c37872f2c7884040),
(591, 'Муром', 0x0000000001010000002f1a8dd717c84b404fce50dcf1024540),
(592, 'Мценск', 0x000000000101000000f6813f57b6a34a4017bb7d5699494240),
(593, 'Мыски', 0x000000000101000000325b0de434db4a409340de0690f35540),
(594, 'Мытищи', 0x000000000101000000cb54771b8af44b40df5ff36041de4240),
(595, 'Мышкин', 0x0000000001010000002de7f7a2e2e44c40589643e6253a4340),
(596, 'Набережные Челны', 0x00000000010100000047205ed72fdf4b4084ebf6feab324a40),
(597, 'Навашино', 0x000000000101000000bbb9f8db9ec54b4068ad0dba29184540),
(598, 'Наволоки', 0x0000000001010000007a562d44e2bb4c40e646ec6ef9fa4440),
(599, 'Надым', 0x0000000001010000003518d9846a6250403d563a692b215240),
(600, 'Назарово', 0x00000000010100000042efe8da72014c405a69adc3ac9a5640),
(601, 'Назрань', 0x0000000001010000008a8164f0e69c4540f25eb532e1614640),
(602, 'Называевск', 0x00000000010100000000e88b18d1c84b4011cc2c9d6ad65140),
(603, 'Нальчик', 0x000000000101000000854f296508be4540bcd12236b3cd4540),
(604, 'Нариманов', 0x00000000010100000008bb174e88584740fa241c1fd2ec4740),
(605, 'Наро-Фоминск', 0x000000000101000000ae7e11d9acb04b4015d6d70462614240),
(606, 'Нарткала', 0x00000000010100000044262a6563c745404d1afe2ec7ed4540),
(607, 'Нарьян-Мар', 0x0000000001010000001557957dd7e850402d9f4033e3804a40),
(608, 'Находка', 0x000000000101000000984ae4277a6945407a0fe1a9919c6040),
(609, 'Невель', 0x0000000001010000006d6f5c6b94024c403a5ad5928eec3d40),
(610, 'Невельск', 0x0000000001010000004109d8b38c53474023484a1f9fbb6140),
(611, 'Невинномысск', 0x000000000101000000f0f219f5b54f4640bcda40704bf94440),
(612, 'Невьянск', 0x000000000101000000a5db12b9e0be4c40c2813573ed1b4e40),
(613, 'Нелидово', 0x0000000001010000003e4d1c2f931c4c40d0f643c769634040),
(614, 'Неман', 0x0000000001010000002b46a7f809844b4098045e1c4b083640),
(615, 'Нерехта', 0x000000000101000000c7a1d9d028ba4c408743801d49494440),
(616, 'Нерчинск', 0x000000000101000000356bdf92d2fa494040811c3977255d40),
(617, 'Нерюнгри', 0x0000000001010000004aa764ef7b544c40d53e1d8f192e5f40),
(618, 'Нестеров', 0x000000000101000000d51aef33d3504b40890d710745923640),
(619, 'Нефтегорск', 0x00000000010100000088b839950c664a40b878d388f4944940),
(620, 'Нефтекамск', 0x000000000101000000ea3e00a94d0b4c40b7685c93c91f4b40),
(621, 'Нефтекумск', 0x0000000001010000009722540493604640596f2fc4457e4640),
(622, 'Нефтеюганск', 0x0000000001010000008b225ae14c8b4e408f89946673275240),
(623, 'Нея', 0x000000000101000000bd67c988b0254d40b41d537765f04540),
(624, 'Нижневартовск', 0x000000000101000000e6a7dd5449784e402f08f6a974245340),
(625, 'Нижнекамск', 0x00000000010100000098ed540acbd04b401651137d3ee84940),
(626, 'Нижнеудинск', 0x000000000101000000317898f6cd724b40ac12769b01c25840),
(627, 'Нижние Серги', 0x000000000101000000a1c26c5dc5534c40eca93011caa54d40),
(628, 'Нижний Ломов', 0x00000000010100000054dbf236dbc34a40d162844b22d64540),
(629, 'Нижний Новгород', 0x0000000001010000008f47bab07f294c40c3c8dcc6b0004640),
(630, 'Нижний Тагил', 0x000000000101000000907b04487ef44c40fee208089cfd4d40),
(631, 'Нижняя Салда', 0x0000000001010000007d16951e97094d40616d8c9df0594e40),
(632, 'Нижняя Тура', 0x000000000101000000ffd8dab1c7504d4008c72c7b12ed4d40),
(633, 'Николаевск', 0x00000000010100000006007d1123024940cb434bc395bc4640),
(634, 'Николаевск-на-Амуре', 0x00000000010100000049aeac7eb6924a400f74fe37c0966140),
(635, 'Никольск', 0x00000000010100000044ea2c697bc44d40da31bfe490ba4640),
(636, 'Никольское', 0x000000000101000000f3a2c04c25da4d40e77e98ce98c93e40),
(637, 'Новая Ладога', 0x0000000001010000003d02c985140e4e40859be7e335284040),
(638, 'Новая Ляля', 0x0000000001010000003621ad31e8864d40e1d231e7194c4e40),
(639, 'Новоалександровск', 0x0000000001010000001c64ed4a26bf4640b47d7ece939b4440),
(640, 'Новоалтайск', 0x0000000001010000005de6cf12bfb44a40717fe48c97fb5440),
(641, 'Новоаннинский', 0x000000000101000000a34d1fcbcc434940d531f84553554540),
(642, 'Нововоронеж', 0x0000000001010000005a74fc6195a749407d08aa46af9b4340),
(643, 'Новодвинск', 0x0000000001010000003903c875781a50400486f6fb0f694440),
(644, 'Новозыбков', 0x000000000101000000eb24b616c1444a40ae6f16e588ef3f40),
(645, 'Новокубанск', 0x00000000010100000038e27fe14b8d4640aab0be2610864440),
(646, 'Новокузнецк', 0x000000000101000000f6c07dd3aae54a402a4712ceb8cd5540),
(647, 'Новокуйбышевск', 0x00000000010100000004bbab68bd8c4a4089a0206750f94840),
(648, 'Новомичуринск', 0x000000000101000000c22dc48fd6044b408b2ce3f093df4340),
(649, 'Новомосковск', 0x000000000101000000bf0754a467014b406b532b0252254340),
(650, 'Новопавловск', 0x000000000101000000931b45d61afb4540db696b4430d14540),
(651, 'Новоржев', 0x000000000101000000e22a0593d1834c4038a3e6abe4573d40),
(652, 'Новороссийск', 0x00000000010100000011887c3c995c4640735cd77965e24240),
(653, 'Новосибирск', 0x0000000001010000008e7b4ed598834b40130f289bf2ba5440),
(654, 'Новосиль', 0x0000000001010000007216f6b4c37c4a4003a0408e9c854240),
(655, 'Новосокольники', 0x0000000001010000002c19b61c9e2b4c404bc56b031c273e40),
(656, 'Новотроицк', 0x00000000010100000045f70725279949408b1bb7989f264d40),
(657, 'Новоузенск', 0x000000000101000000fbfc9c27433a49409c9438e114124840),
(658, 'Новоульяновск', 0x00000000010100000055fc3acb87124b402656a1dc11324840),
(659, 'Новоуральск', 0x0000000001010000007dd756a2a29f4c40e5982cee3f0c4e40),
(660, 'Новохоперск', 0x0000000001010000008ca60e4d348c49402d3eaa0606cf4440),
(661, 'Новочебоксарск', 0x00000000010100000057af22a3030e4c4028cef68d54bd4740),
(662, 'Новочеркасск', 0x000000000101000000a734acf3b9b44740808351a4560d4440),
(663, 'Новошахтинск', 0x000000000101000000095f4ebffae04740ee934847def74340),
(664, 'Новый Оскол', 0x000000000101000000ac7b1ae6ba614940733678ba4ef04240),
(665, 'Новый Уренгой', 0x000000000101000000c3afa250608550402b1e728e952b5340),
(666, 'Ногинск', 0x000000000101000000128365112fef4b40d4f36e2c283b4340),
(667, 'Нолинск', 0x000000000101000000b85f9912a4c74c401144ccdbc7f74840),
(668, 'Норильск', 0x0000000001010000002766625f5756514012876c20dd0c5640),
(669, 'Ноябрьск', 0x0000000001010000000a6af816d6994f40dd4598a2dcdc5240),
(670, 'Нурлат', 0x0000000001010000007f43f2dfcd364b406b2ffda60b674940),
(671, 'Нытва', 0x000000000101000000a42f29e384f74c40f2f4a512f9aa4b40),
(672, 'Нюрба', 0x0000000001010000001aa3755435a44f409d11a5bdc1945d40),
(673, 'Нягань', 0x0000000001010000001a4c68379f124f402777e9703e595040),
(674, 'Нязепетровск', 0x0000000001010000007bd22e4be0064c4001c7f9f609ce4d40),
(675, 'Няндома', 0x000000000101000000021077f52ad54e40b5f578c6631a4440),
(676, 'Облучье', 0x0000000001010000001805662a698248402a41da5aba616040),
(677, 'Обнинск', 0x0000000001010000003d8cfff1148c4b403c6876dd5b4e4240),
(678, 'Обоянь', 0x000000000101000000062e8f35239b49401ac05b2041234240),
(679, 'Обь', 0x00000000010100000067fe87aa4e7f4b40726da81867ac5440),
(680, 'Одинцово', 0x0000000001010000005426eb26e7d64b4009ba62ebbea14240),
(681, 'Озерск', 0x0000000001010000004c87f31549344b40003ca24275033640),
(682, 'Озеры', 0x000000000101000000cb7b41b04f6d4b407901f6d1a9474340),
(683, 'Октябрьск', 0x000000000101000000be52f1da00954a40dd34c703db554840),
(684, 'Октябрьский', 0x00000000010100000012f351eba23d4b407bc26dc89abb4a40),
(685, 'Окуловка', 0x0000000001010000004937781508324d40e05fa9d326a54040),
(686, 'Олекминск', 0x00000000010100000022d62ce11a304e400e30f31dfc195e40),
(687, 'Оленегорск', 0x00000000010100000034d18cea19095140bf5c305d2da24040),
(688, 'Олонец', 0x000000000101000000ad7f7cae5b7d4e407e3e25427e7c4040),
(689, 'Омск', 0x000000000101000000f9533e5f0e7e4b40b0dde28684575240),
(690, 'Омутнинск', 0x00000000010100000077f28ef8ba554d40162939cc3c184a40),
(691, 'Онега', 0x0000000001010000003295d97b4cf54f4072304047500a4340),
(692, 'Опочка', 0x0000000001010000000212a859fb5a4c4034bc5983f7ab3c40),
(693, 'Орёл', 0x0000000001010000009c285316cf7b4a40175eee38ea084240),
(694, 'Оренбург', 0x000000000101000000d8bc056dcde44940c2a15cbf058d4b40),
(695, 'Орехово-Зуево', 0x000000000101000000f10ae99557e84b40d3a98658587e4340),
(696, 'Орлов', 0x000000000101000000f6bf12fefb444d4068dce56c4b724840),
(697, 'Орск', 0x000000000101000000a21fb2ed599d49400b7668fdd23c4d40),
(698, 'Оса', 0x000000000101000000fb4800edfda44c409e1331db04bc4b40),
(699, 'Осинники', 0x0000000001010000008f28a380a3cc4a40033ba35291d55540),
(700, 'Осташков', 0x000000000101000000abed26f8a6924c40f135ba394b8e4040),
(701, 'Остров', 0x000000000101000000589fbcd930ac4c4007c9a76cfd573c40);

INSERT INTO `cities` (`city_id`, `name`, `location`) VALUES
(702, 'Островной', 0x0000000001010000009d9bdb2942035140512bf125f9c04340),
(703, 'Острогожск', 0x00000000010100000043d9a557146f49403ff559af33854340),
(704, 'Отрадное', 0x0000000001010000009d82fc6ce4e24d40113a43cc80cc3e40),
(705, 'Отрадный', 0x00000000010100000081fee7d5a5b04a40c24b70ea03ac4940),
(706, 'Оха', 0x000000000101000000d9c1d20a1dcb4a40dfa9807b1ede6140),
(707, 'Оханск', 0x000000000101000000cd7c62f8e3db4c402ec6c03a8eb14b40),
(708, 'Очер', 0x0000000001010000006d7940344ef14c40ba185ea4ab5b4b40),
(709, 'Павлово', 0x0000000001010000008e91ec116afd4b4021f6f873c08c4540),
(710, 'Павловск', 0x0000000001010000001a85c9f9073a4940d9846a3986114440),
(711, 'Павловский Посад', 0x00000000010100000069f4b40dede34b40da6443ed6d544340),
(712, 'Палласовка', 0x0000000001010000002393420f6b06494000016bd5ae704740),
(713, 'Партизанск', 0x00000000010100000092f7bbc161904540f45723160ca46040),
(714, 'Певек', 0x000000000101000000a02af05fea6c5140f3cd91f098496540),
(715, 'Пенза', 0x000000000101000000840c892073964a401febf36272844640),
(716, 'Первомайск', 0x0000000001010000000b35f91c0e6f4b40092c257090e64540),
(717, 'Первоуральск', 0x0000000001010000005169c4cc3e744c402e1d739eb1f84d40),
(718, 'Перевоз', 0x000000000101000000016dab5967cc4b40c6b82c70c3454640),
(719, 'Пересвет', 0x000000000101000000057cc8a53b354c407085668d30164340),
(720, 'Переславль-Залесский', 0x000000000101000000797764ac365e4c40ba6180e9596d4340),
(721, 'Пермь', 0x000000000101000000b87aa93352014d408039c489f91d4c40),
(722, 'Пестово', 0x0000000001010000002268716b774c4d40745314f93fe84140),
(723, 'Петров Вал', 0x000000000101000000f017b325ab114940834d9d47c59a4640),
(724, 'Петровск', 0x000000000101000000348c71b499274a4097885c154db14640),
(725, 'Петровск-Забайкальский', 0x000000000101000000ee9815e52da3494064647f8f30365b40),
(726, 'Петрозаводск', 0x000000000101000000e2ccafe600e54e4008a40e3c082e4140),
(727, 'Петропавловск-Камчатский', 0x000000000101000000b1602c1dbd844a406dbfc63ffdd46340),
(728, 'Петухово', 0x000000000101000000303b7ab251884b40dfb023c4cbf85040),
(729, 'Петушки', 0x000000000101000000a538fd8f02f74b4021698187b3b94340),
(730, 'Печора', 0x0000000001010000001d27e032824950403f1d8f19a89c4c40),
(731, 'Печоры', 0x000000000101000000be480d1247e84c4031618fe44d9f3b40),
(732, 'Пикалево', 0x0000000001010000005b9a5b21acc14d4044aff5fbb4164140),
(733, 'Пионерский', 0x000000000101000000c52bff10d1794b40b665c0594a3a3440),
(734, 'Питкяранта', 0x0000000001010000000bd7fe29b0c94e4024905c48d1763f40),
(735, 'Плавск', 0x000000000101000000db615d26d4da4a40db2f44f3a5a44240),
(736, 'Пласт', 0x000000000101000000c71d2565412f4b40d219187959684e40),
(737, 'Плес', 0x0000000001010000002b68ffa8f2ba4c40a35a441493c14440),
(738, 'Поворино', 0x000000000101000000a039460d01994940461449aaa51f4540),
(739, 'Подольск', 0x0000000001010000004d254dcd2fb84b40e9f17b9bfec84240),
(740, 'Подпорожье', 0x000000000101000000c305eaded4744e40f747ce7811144140),
(741, 'Покачи', 0x0000000001010000004d55905500df4e40afa3607c07e65240),
(742, 'Покров', 0x000000000101000000bc6df0cf56f54b4076e679cb30964340),
(743, 'Покровск', 0x000000000101000000bf58294effbd4e402524d236be246040),
(744, 'Полевской', 0x000000000101000000174a26a7763f4c40751a0ef0491e4e40),
(745, 'Полесск', 0x0000000001010000006afd88ba6a6e4b4023a875768d193540),
(746, 'Полысаево', 0x000000000101000000318d70a47d4d4b40cea55df1f9915540),
(747, 'Полярные Зори', 0x000000000101000000ed31ec8bdfd75040a6b5696caf3f4040),
(748, 'Полярный', 0x000000000101000000652e15c0b94c5140c405a051bab94040),
(749, 'Поронайск', 0x000000000101000000926b54f1909e4840bf4b040539e36140),
(750, 'Порхов', 0x0000000001010000004b3151ce61e34c400db8f8252c8b3d40),
(751, 'Похвистнево', 0x000000000101000000f5e5bb4a2dd34a40bf6ec78ad00f4a40),
(752, 'Почеп', 0x000000000101000000003219332e754a40f49da921bbbc4040),
(753, 'Починок', 0x000000000101000000b8616fbd01344b40f107a8154b384040),
(754, 'Пошехонье', 0x00000000010100000049861c5bcf404d4037da160a7d8f4340),
(755, 'Правдинск', 0x0000000001010000008b130434b6384b406578472124023540),
(756, 'Приволжск', 0x000000000101000000ed22f197bbb04c4017957950f5a34440),
(757, 'Приморск', 0x00000000010100000013807f4a955d4b405c3eed4b91ff3340),
(758, 'Приморско-Ахтарск', 0x0000000001010000003bdf4f8d97064740be0c6bcfd1154340),
(759, 'Приозерск', 0x0000000001010000001c42959a3d844e40b8e9cf7ea4283e40),
(760, 'Прокопьевск', 0x000000000101000000fa51c36d23ee4a404b541454f9ad5540),
(761, 'Пролетарск', 0x00000000010100000029e1534a195a4740036f92301ddd4440),
(762, 'Протвино', 0x000000000101000000de712fd5716f4b403d1ba842f29b4240),
(763, 'Прохладный', 0x000000000101000000825da85725e1454073501d064e014640),
(764, 'Псков', 0x0000000001010000006b11514cdee84c40ae32ae13f2543c40),
(765, 'Пугачев', 0x00000000010100000032e13c4107024a40941e3cc90c664840),
(766, 'Пудож', 0x000000000101000000ceee7f3628e74e40773de2a139444240),
(767, 'Пустошка', 0x0000000001010000005d3c17a1332b4c40cbe08332e85d3d40),
(768, 'Пучеж', 0x0000000001010000000f9c33a2b47d4c40cf053fbb8d954540),
(769, 'Пушкино', 0x000000000101000000090b389556014c402c0142356fec4240),
(770, 'Пущино', 0x000000000101000000da1d520c906a4b4048b599547ecf4240),
(771, 'Пыталово', 0x00000000010100000009f3c3ad27884c40e824a5ea68ec3b40),
(772, 'Пыть-Ях', 0x0000000001010000002380400c19614e4036785f958b355240),
(773, 'Пятигорск', 0x000000000101000000bf96fcf444054640e73b534376884540),
(774, 'Радужный', 0x0000000001010000009b37f35080ff4b409613a39d892a4440),
(775, 'Райчихинск', 0x0000000001010000003fef7cf5a7e54840186426ac282d6040),
(776, 'Раменское', 0x0000000001010000000f9a5df756c64b40a228d027f2224340),
(777, 'Рассказово', 0x0000000001010000002a9abd22ae534a402e6c729debef4440),
(778, 'Ревда', 0x00000000010100000035d252793b664c4092578c5f1df44d40),
(779, 'Реж', 0x0000000001010000008ff74fdc96af4c40ec2983b410b14e40),
(780, 'Реутов', 0x0000000001010000002e5393e00de14b409fbcd93054ee4240),
(781, 'Ржев', 0x000000000101000000a42ab7fea7214c4007c43588202a4140),
(782, 'Родники', 0x000000000101000000c81462e41b8d4c405dd3cd0f6ddd4440),
(783, 'Рославль', 0x00000000010100000030c3da73f4f84a405ae14c028a6c4040),
(784, 'Россошь', 0x0000000001010000006534f279c5154940be816ed4afcf4340),
(785, 'Ростов', 0x000000000101000000f24c1e053e9a4c40b9420e000bb84340),
(786, 'Ростов-на-Дону', 0x00000000010100000051b8c3cb789c4740cae6053301dc4340),
(787, 'Рошаль', 0x0000000001010000008b879c63e5d44b4063224a20caee4340),
(788, 'Ртищево', 0x0000000001010000005b54d5157d214a40f25b19f961e44540),
(789, 'Рубцовск', 0x000000000101000000a9de1ad82ac04940af9fb4264c4d5440),
(790, 'Рудня', 0x000000000101000000373e4970d9784b40cdd2a98658143f40),
(791, 'Руза', 0x0000000001010000000314d9bdcbd94b400c303dab16194240),
(792, 'Рузаевка', 0x0000000001010000000aca7e2777074b401f0e12a27c794640),
(793, 'Рыбинск', 0x0000000001010000001063885231064d4000750305de6d4340),
(794, 'Рыбное', 0x00000000010100000081d71d41e05c4b4007431d56b8c14340),
(795, 'Рыльск', 0x000000000101000000addd76a1b9c849401b947a6011574140),
(796, 'Ряжск', 0x000000000101000000165e937f77da4a40b4f9c962ac064440),
(797, 'Рязань', 0x000000000101000000f20698f90e504b40ebf0c63835de4340),
(798, 'Саки', 0x000000000101000000a0dbf0603091464096a47c5237cd4040),
(799, 'Салават', 0x000000000101000000b6db89ed49ae4a4074e904d957f64b40),
(800, 'Салаир', 0x000000000101000000edaefdae191e4b4056f0db1063735540),
(801, 'Салехард', 0x00000000010100000074756ca928a35040fc790904f0a65040),
(802, 'Сальск', 0x000000000101000000c4c9a255d23c474053acbfca46c54440),
(803, 'Самара', 0x00000000010100000085668d30fb984a40975c209caa0d4940),
(804, 'Саранск', 0x000000000101000000faf59e2523174b40da136e43d6974640),
(805, 'Сарапул', 0x000000000101000000b9799917163b4c409a339188dfe64a40),
(806, 'Саратов', 0x000000000101000000a94a5b5ce3c34940aedf02bffcf94640),
(807, 'Саров', 0x0000000001010000009f81470a1b764b40a72b8eb921ac4540),
(808, 'Сасово', 0x0000000001010000009c1a683ee72c4b40f7a11c16b4f44440),
(809, 'Сатка', 0x0000000001010000000751ad742d854b40ed8f4138b0834d40),
(810, 'Сафоново', 0x000000000101000000d1f93aba5b8f4b40336b2920ed9d4040),
(811, 'Саяногорск', 0x0000000001010000004ed944c1e78c4a400a455fe660da5640),
(812, 'Саянск', 0x000000000101000000f4cb16ff2d0e4b407859b851898b5940),
(813, 'Светлогорск', 0x000000000101000000f3ebe291d3784b40b8883952c7263440),
(814, 'Светлоград', 0x000000000101000000e87ef3870baa4640159ee117a86d4540),
(815, 'Светлый', 0x0000000001010000006252d735b5564b4029cb10c7ba223440),
(816, 'Светогорск', 0x0000000001010000001ccccb063e8e4e40bf4f0b1467df3c40),
(817, 'Свирск', 0x0000000001010000004038faf3c88a4a40c66f65e487d55940),
(818, 'Свободный', 0x0000000001010000006f9c14e63dae4940c3bcc799e6036040),
(819, 'Себеж', 0x000000000101000000b4a382d437254c40cd74af93fa783c40),
(820, 'Северобайкальск', 0x000000000101000000888384285fd14b40bcfb2d4b85555b40),
(821, 'Северодвинск', 0x0000000001010000003541d47d00245040dbdfd91ebde84340),
(822, 'Северо-Курильск', 0x0000000001010000009260055328564940dbd0de2a19846340),
(823, 'Североморск', 0x00000000010100000025636b6ce5445140380e61a17bb54040),
(824, 'Североуральск', 0x000000000101000000a271f26ca0134e409fc5f76aecf94d40),
(825, 'Северск', 0x000000000101000000fe1f71d9324d4c402dd38aca61385540),
(826, 'Севск', 0x000000000101000000fa42c879ff124a403c4382f3f33e4140),
(827, 'Сегежа', 0x0000000001010000002eecc44032df4f40566133c005284140),
(828, 'Сельцо', 0x0000000001010000000710994ddbaf4a4022742bdf8e0d4140),
(829, 'Семенов', 0x000000000101000000bbd573d2fb644c4042ee7d05c43e4640),
(830, 'Семикаракорск', 0x00000000010100000029b7483547c247404b766c04e2674440),
(831, 'Семилуки', 0x00000000010100000067d718cffbd84940da6443ed6d824340),
(832, 'Сенгилей', 0x0000000001010000001a47f652c2fa4a4009bbcdc06d634840),
(833, 'Серафимович', 0x0000000001010000006117450f7cc8484020a8644a355e4540),
(834, 'Сергач', 0x000000000101000000635d818d90c24b408137eede9bbd4640),
(835, 'Сергиев Посад', 0x000000000101000000d8f5662f36274c403500659d3b134340),
(836, 'Сердобск', 0x0000000001010000007e9873df203c4a4007fbc09f2b1b4640),
(837, 'Серов', 0x000000000101000000f27e37386ccd4d40721b6899a0494e40),
(838, 'Серпухов', 0x000000000101000000e9a111c715764b402642d94a9eb34240),
(839, 'Сертолово', 0x000000000101000000edd3f19881124e40265646239f353e40),
(840, 'Сибай', 0x000000000101000000cf4e61003c5c4a40bc6aaf4f4a554d40),
(841, 'Сим', 0x000000000101000000fcc0fae4cd7e4b407e6e68ca4ed84c40),
(842, 'Симферополь', 0x00000000010100000099ba2bbb60794640066344a2d00c4140),
(843, 'Сковородино', 0x0000000001010000002cef4f4e59fe4a405bd2510e66fc5e40),
(844, 'Скопин', 0x000000000101000000707209d16be94a40f5e0496650c64340),
(845, 'Славгород', 0x000000000101000000181c6f3ce97f4a400f52a68757a95340),
(846, 'Славск', 0x000000000101000000beef8403c6854b407000474c9aac3540),
(847, 'Славянск-на-Кубани', 0x000000000101000000c16ca75258a146406536c82423104340),
(848, 'Сланцы', 0x000000000101000000e9595a57168f4d40d594641d8e163c40),
(849, 'Слободской', 0x0000000001010000008906cebe975d4d403451df8d60154940),
(850, 'Слюдянка', 0x00000000010100000012f5279600d4494066e2b1fafeed5940),
(851, 'Смоленск', 0x0000000001010000005d9bd722b3644b40593b40e6b9d03f40),
(852, 'Снежинск', 0x0000000001010000004d49d6e1e80a4c4091ed2186c25d4e40),
(853, 'Снежногорск', 0x000000000101000000c7e182224c4c5140715c2107809e4040),
(854, 'Собинка', 0x000000000101000000446adac534ff4b40c01b77ef4d024440),
(855, 'Советск', 0x0000000001010000008236dec25f8a4b4007567a127de33540),
(856, 'Советская Гавань', 0x000000000101000000740580cfb47b4840e052848a20896140),
(857, 'Советский', 0x000000000101000000f50f221972af4e40fe277ff78ec84f40),
(858, 'Сокол', 0x000000000101000000ffd368cdeabc4d40d13538b6430e4440),
(859, 'Солигалич', 0x0000000001010000006e4a1ef4118a4d4005e10a28d4244540),
(860, 'Соликамск', 0x000000000101000000c0a61831fdd24d40c985144db1624c40),
(861, 'Солнечногорск', 0x000000000101000000f4c473b6801b4c409e712bce628c4240),
(862, 'Сольвычегодск', 0x000000000101000000f28178b878aa4e40a2ebc20fce754740),
(863, 'Соль-Илецк', 0x000000000101000000bc7c467ded944940804e9c37a97e4b40),
(864, 'Сольцы', 0x000000000101000000dabd26b5610f4d40b324404d2d4f3e40),
(865, 'Сорочинск', 0x000000000101000000537d42d197364a400a92883abd934a40),
(866, 'Сорск', 0x00000000010100000098e02fc104004b40e58695c09c905640),
(867, 'Сортавала', 0x0000000001010000009feb562a03da4e4014138a6313b13e40),
(868, 'Сосенский', 0x000000000101000000053411363c074b40ec7df49727fb4140),
(869, 'Сосновка', 0x000000000101000000758b659f6c204c4001ce418644a44940),
(870, 'Сосновоборск', 0x00000000010100000080588000630f4c404c60843a76555740),
(871, 'Сосновый Бор', 0x0000000001010000000345871b4bf04d40125ac5d10b213d40),
(872, 'Сосногорск', 0x00000000010100000090ad1d7baccc4f402015b5ea29f04a40),
(873, 'Сочи', 0x000000000101000000654c6661f4ca4540046fede98fdc4340),
(874, 'Спас-Деменск', 0x0000000001010000008dbc074378344b40c7212c746f024140),
(875, 'Спас-Клепики', 0x0000000001010000005b2f3ce587904b4063844b2256164440),
(876, 'Спасск', 0x000000000101000000d787f546adf64a4054008c67d0974540),
(877, 'Спасск-Дальний', 0x000000000101000000088d052a884b464016702aad1a9a6040),
(878, 'Спасск-Рязанский', 0x000000000101000000c1093b7b1d344b40d0c1e9132f304440),
(879, 'Среднеколымск', 0x00000000010100000011082a9952dd5040e1cbe9579f366340),
(880, 'Среднеуральск', 0x000000000101000000ac3aab05f67e4c4007a74fbc143d4e40),
(881, 'Сретенск', 0x000000000101000000338eeca5841f4a401d4afe718c6d5d40),
(882, 'Ставрополь', 0x0000000001010000003fde509db385464025a314be08fc4440),
(883, 'Старая Купавна', 0x00000000010100000020d7e143e4e64b4026f84b3041124340),
(884, 'Старая Русса', 0x000000000101000000010869d7cefe4c40bd7acb8b025b3f40),
(885, 'Старица', 0x000000000101000000b2f4a10bea414c40c0eb33677d774140),
(886, 'Стародуб', 0x00000000010100000013c19371e74a4a40298c779153614040),
(887, 'Старый Крым', 0x000000000101000000e3f6706eb8834640739f1c05888b4140),
(888, 'Старый Оскол', 0x000000000101000000f34295f5f6a54940b11303c9e0ea4240),
(889, 'Стерлитамак', 0x000000000101000000c0a78306acd04a40b7346db53df74b40),
(890, 'Стрежевой', 0x000000000101000000d32de00acd5d4e40928e1777a8665340),
(891, 'Строитель', 0x0000000001010000001c2cf75d6c6449408ea61f798c3e4240),
(892, 'Струнино', 0x00000000010100000095bfd60000304c402272fa7abe4a4340),
(893, 'Ступино', 0x000000000101000000099d216640764b408d0ea37b310f4340),
(894, 'Суворов', 0x0000000001010000004e4ea37f38114b400274a95b873d4240),
(895, 'Судак', 0x0000000001010000008de1fb2ce06c4640ad1809c8f27c4140),
(896, 'Суджа', 0x0000000001010000007a234e82929849400721c5a5cfa24140),
(897, 'Судогда', 0x000000000101000000c5c8923996f94b403324dd859c6d4440),
(898, 'Суздаль', 0x00000000010100000098f5076fb4364c401b857f6ced394440),
(899, 'Суоярви', 0x0000000001010000001397885c150a4f404523449ec92c4040),
(900, 'Сураж', 0x000000000101000000703daf1d31824a402942453069324040),
(901, 'Сургут', 0x00000000010100000094b6025482a04e40902452e45a595240),
(902, 'Суровикино', 0x000000000101000000d082ab973a4f4840cf407628546d4540),
(903, 'Сурск', 0x00000000010100000094050253bc894a40816a72e778d84640),
(904, 'Сусуман', 0x0000000001010000004fdf7c34e6634f4027309dd6ed846240),
(905, 'Сухиничи', 0x000000000101000000dbe9bde7760c4b4068a1534612ac4140),
(906, 'Сухой Лог', 0x000000000101000000b4869c082c744c40d070146a97044f40),
(907, 'Сызрань', 0x0000000001010000003365f1acee934a40758afac9bd3c4840),
(908, 'Сыктывкар', 0x0000000001010000005776c1e09ad54e4046b7b98cf66a4940),
(909, 'Сысерть', 0x000000000101000000397f130a11404c40e58ddd4fd7684e40),
(910, 'Сычевка', 0x000000000101000000937eb1ad55ea4b406e4dba2d91234140),
(911, 'Сясьстрой', 0x0000000001010000000c35af8ff3114e40c7d5c8aeb4474040),
(912, 'Тавда', 0x000000000101000000b10001c68e054d402e22e5828e515040),
(913, 'Таганрог', 0x00000000010100000078a85c97d09a47409e5c5320b3774340),
(914, 'Тайга', 0x000000000101000000c2e6d2aef8074c404d8aea08bb675540),
(915, 'Тайшет', 0x0000000001010000007a0bda9a63f84b40fe501f3732805840),
(916, 'Талдом', 0x000000000101000000ab15b71b8e5d4c400182dec089c34240),
(917, 'Талица', 0x0000000001010000008a88073994814c404d8d8642badd4f40),
(918, 'Тамбов', 0x000000000101000000a00491a0535c4a405cad1397e3b94440),
(919, 'Тара', 0x000000000101000000702c83c53c754c40482d39935b975240),
(920, 'Тарко-Сале', 0x00000000010100000001c92a5b5a3a5040b065e88eb4705340),
(921, 'Таруса', 0x0000000001010000003ca64984a15c4b40c74cfd1763954240),
(922, 'Татарск', 0x000000000101000000bd885baa779b4b40f7cabc5557fe5240),
(923, 'Таштагол', 0x00000000010100000026378aac35614a407ffb952941f65540),
(924, 'Тверь', 0x000000000101000000142928a0e46d4c40c7e93587b5f44140),
(925, 'Теберда', 0x000000000101000000b3507cc6cfb84540c41d1439e9de4440),
(926, 'Тейково', 0x00000000010100000014f538c2586d4c400cc803368c444440),
(927, 'Темников', 0x000000000101000000f0e1ed9cc1504b4096ccb1bcab9b4540),
(928, 'Темрюк', 0x000000000101000000d5db55fe6ba14640915f3fc406b94240),
(929, 'Терек', 0x0000000001010000003e6fcf98eebd4540bf9767caf3114640),
(930, 'Тетюши', 0x00000000010100000027a089b0e1774b4074b33f506e6a4840),
(931, 'Тимашевск', 0x000000000101000000c2b7fafbd6ce464088cad0c2af774340),
(932, 'Тихвин', 0x00000000010100000049d16f044ed04d407b0382efecc04040),
(933, 'Тихорецк', 0x000000000101000000c0c5d4a766ed46403f45c4831c104440),
(934, 'Тобольск', 0x0000000001010000003615f3bdd0194d40579cc5e63e105140),
(935, 'Тогучин', 0x000000000101000000e53cadeccc9c4b40a8cd93c6431a5540),
(936, 'Тольятти', 0x000000000101000000beeebe74a4c24a40a208a9dbd9b14840),
(937, 'Томари', 0x000000000101000000a898391389e14740280ea0dff7c16140),
(938, 'Томмот', 0x000000000101000000f6af517bb67a4d40e9b7af0367925f40),
(939, 'Томск', 0x00000000010100000072207fc40a3e4c40591bbee0ae3c5540),
(940, 'Топки', 0x0000000001010000005afa2bbf67a34b40f8bfc87061675540),
(941, 'Торжок', 0x0000000001010000009ffb17ad48854c403833558be37a4140),
(942, 'Торопец', 0x00000000010100000028f801a326404c4072ae17f9aba23f40),
(943, 'Тосно', 0x00000000010100000015b82baa34c54d40f0d874a9b6e03e40),
(944, 'Тотьма', 0x0000000001010000009e7eabd09bfc4d402812a7ee25614540),
(945, 'Трехгорный', 0x000000000101000000c58c953dae684b40ab04300a27394d40),
(946, 'Троицк', 0x000000000101000000e4ac3e0dce0a4b40e3d583937ec74e40),
(947, 'Трубчевск', 0x000000000101000000198b4bfa204a4a40c418a2540ce24040),
(948, 'Туапсе', 0x000000000101000000e37789a0200e4640c616821c948a4340),
(949, 'Туймазы', 0x00000000010100000044bbaf6fcc4c4b40dd9ca5bff2d84a40),
(950, 'Тула', 0x00000000010100000055a3570394184b40d1eae40cc5ce4240),
(951, 'Тулун', 0x000000000101000000cb619c6450474b40cc82e4f8fc245940),
(952, 'Туран', 0x0000000001010000006a12bc218d124a406e313f37b47a5740),
(953, 'Туринск', 0x0000000001010000002fcf94e70b054d4065fb90b75cd94f40),
(954, 'Тутаев', 0x0000000001010000003ea363bd07ef4c40205d11a1b6c44340),
(955, 'Тында', 0x00000000010100000039132e3fcb934b401465259ccc2f5f40),
(956, 'Тырныауз', 0x000000000101000000bdfb8804f8b24540a1acce20f4754540),
(957, 'Тюкалинск', 0x000000000101000000da22c4f06cef4b4098254bf7840c5240),
(958, 'Тюмень', 0x000000000101000000eecb3e3498934c407bb71e2a32625040),
(959, 'Уварово', 0x0000000001010000004240be840afd494081a66fe360204540),
(960, 'Углегорск', 0x000000000101000000136b4ce3728a484028e08dbb37c26140),
(961, 'Углич', 0x0000000001010000002f6f6990ddc24c40d4c8f841a7264340),
(962, 'Удачный', 0x000000000101000000c80e852a109a5040e2aa573698135c40),
(963, 'Удомля', 0x000000000101000000eacc3d247cf04c40f4a8f8bf23824140),
(964, 'Ужур', 0x0000000001010000003dfd56a137a84b405763642456755640),
(965, 'Узловая', 0x0000000001010000000a74dcdf8ffc4a40ebf8d45691164340),
(966, 'Улан-Удэ', 0x0000000001010000000620ff16aeea4940099b4bbb62e55a40),
(967, 'Ульяновск', 0x0000000001010000005cfba7c06e274b4014d9bdcbfb2f4840),
(968, 'Унеча', 0x000000000101000000dfde35e84b6c4a406616fc917d564040),
(969, 'Урай', 0x000000000101000000068a0e3796104e407d467ded74335040),
(970, 'Урень', 0x0000000001010000002ad0dd640abb4c40faf02c4146e44640),
(971, 'Уржум', 0x000000000101000000532faea70c8e4c4066796869b8004940),
(972, 'Урюпинск', 0x00000000010100000000602b572e6549406ad9ffa5b1034540),
(973, 'Усинск', 0x000000000101000000c0a442869f7f50400359f4f34bc74c40),
(974, 'Усмань', 0x0000000001010000008e739b70af054a403d10b45dfcdc4340),
(975, 'Усолье', 0x000000000101000000a665ff97c6b64d40741b1e0c86574c40),
(976, 'Усолье-Сибирское', 0x000000000101000000ad20bc2cdc604a40e0ab0c99e1e85940),
(977, 'Уссурийск', 0x00000000010100000059349d9d0ce64540e2f7808a747e6040),
(978, 'Усть-Джегута', 0x00000000010100000023da8ea9bb0a46406d1d1cec4dfc4440),
(979, 'Усть-Илимск', 0x000000000101000000b9a5d590b8f84c4053e1743774af5940),
(980, 'Усть-Катав', 0x0000000001010000007722d2808b764b400a8e812b8f134d40),
(981, 'Усть-Кут', 0x000000000101000000e5cd86a17a654c40f3188ae0a4715a40),
(982, 'Усть-Лабинск', 0x00000000010100000053cdaca5809c464056ecd401b5d84340),
(983, 'Устюжна', 0x0000000001010000006c45f69c4f6b4d402faaa0fda3384240),
(984, 'Уфа', 0x0000000001010000000a2fc1a90f5e4b40163f7c4f9bfa4b40),
(985, 'Ухта', 0x0000000001010000002fb9f6aa3ac74f407ce01923c8d94a40),
(986, 'Учалы', 0x0000000001010000001aa6b6d441274b402f8095e8d1b44d40),
(987, 'Уяр', 0x000000000101000000248cb0f215e84b400b04a67801955740),
(988, 'Фатеж', 0x000000000101000000852bfb09c20b4a40cd2b8d4e4ced4140),
(989, 'Феодосия', 0x0000000001010000001fbb0b94148446409abb4c03f5b04140),
(990, 'Фокино', 0x0000000001010000008665225b4cba4a40d6b5acb13a354140),
(991, 'Фролово', 0x0000000001010000007f0d2d57e4e14840eca8c53b1bd54540),
(992, 'Фрязино', 0x00000000010100000020ae4104c1fa4b40702c83c53c054340),
(993, 'Фурманов', 0x000000000101000000c60ac8a87ca04c402bd0381e7d8d4440),
(994, 'Хабаровск', 0x000000000101000000e9da72897e3b4840c1c4c48beae16040),
(995, 'Хадыженск', 0x00000000010100000077853e58c6344640d15f43cb15c44340),
(996, 'Ханты-Мансийск', 0x00000000010100000054313ac54f804e40aeddd15a2c415140),
(997, 'Харабали', 0x000000000101000000869cad7257b44740d73d682c50a04740),
(998, 'Харовск', 0x000000000101000000e9047e9e50f94d4039cda7339c194440),
(999, 'Хасавюрт', 0x000000000101000000fdc2860211a04540b95bedbce84a4740),
(1000, 'Хвалынск', 0x000000000101000000b36ac6585c3f4a40c339d9bc600d4840),
(1001, 'Хилок', 0x0000000001010000007fa9faf087ae4940520e6613609d5b40),
(1002, 'Химки', 0x000000000101000000c23577f4bff14b40ee5811da17b74240),
(1003, 'Холм', 0x000000000101000000144438c192924c40bf23cf9ac42d3f40),
(1004, 'Холмск', 0x000000000101000000fa8b8f053b854740a83f564b55c16140),
(1005, 'Хотьково', 0x0000000001010000005709168733204c4097adf54542f84240),
(1006, 'Цивильск', 0x000000000101000000dd4da6c0b8ee4b402a8bc22e8abc4740),
(1007, 'Цимлянск', 0x000000000101000000a0b7c205ead247407de71725e80b4540),
(1008, 'Циолковский', 0x0000000001010000005f2bfc7497e14940e3e0d231e7036040),
(1009, 'Чадан', 0x000000000101000000fa3372cc68a44940a06d35eb0ce55640),
(1010, 'Чайковский', 0x000000000101000000e30f502b96634c40e0e297b0ec124b40),
(1011, 'Чапаевск', 0x000000000101000000710b4c5de8764a408569ceb007ef4840),
(1012, 'Чаплыгин', 0x0000000001010000004c2e6b07c89e4a40684f13c7cbfb4340),
(1013, 'Чебаркуль', 0x000000000101000000e72e2efaaf7d4b4044a4a65d4c304e40),
(1014, 'Чебоксары', 0x00000000010100000040d4c78d6c124c40c6f2f807db9f4740),
(1015, 'Чегем', 0x000000000101000000f3542c239ac84540d27f208a13cb4540),
(1016, 'Чекалин', 0x00000000010100000004e8f7fd9b0c4b4013a6de09ac1f4240),
(1017, 'Челябинск', 0x00000000010100000062f2abde86944b40c1d9f7f24cb34e40),
(1018, 'Чердынь', 0x00000000010100000074e904d957334e40f403b232753d4c40),
(1019, 'Черемхово', 0x0000000001010000001a88653387914a40e36f7b82c4c55940),
(1020, 'Черепаново', 0x000000000101000000f7a7f9cf3f1c4b40e6ef390bd6d75440),
(1021, 'Череповец', 0x000000000101000000ce14dff53e904d403f9d3c7661f44240),
(1022, 'Черкесск', 0x0000000001010000002513a6de091d46408ac168fbfc054540),
(1023, 'Чермоз', 0x0000000001010000005d26796462644d40a955aafa4b134c40),
(1024, 'Черноголовка', 0x0000000001010000005dbe9aa84a014c4006c94cb38a304340),
(1025, 'Черногорск', 0x000000000101000000cd920035b5e94a4006c545a4dcd45640),
(1026, 'Чернушка', 0x00000000010100000087dadbd20f424c40f316b435c7094c40),
(1027, 'Черняховск', 0x000000000101000000cfed6f1aec4f4b40d518becf02cc3540),
(1028, 'Чехов', 0x000000000101000000aab706b64a934b40a48ee96404ba4240),
(1029, 'Чистополь', 0x00000000010100000073c9271a5aaf4b408a592f8672504940),
(1030, 'Чита', 0x0000000001010000009cd20b885a044a40cfae319ef75f5c40),
(1031, 'Чкаловск', 0x000000000101000000e4ef8398f0614c401b40097dfa9e4540),
(1032, 'Чудово', 0x00000000010100000028e08dbbf78f4d405060f01fc1af3f40),
(1033, 'Чулым', 0x00000000010100000070ecd973998b4b40df7426c8633d5440),
(1034, 'Чусовой', 0x000000000101000000cc7a319413264d405e1be038dfe84c40),
(1035, 'Чухлома', 0x0000000001010000003e80a03770604d4056e3b6c71c584540),
(1036, 'Шагонар', 0x00000000010100000078c02b3872c449406f2475a7e03a5740),
(1037, 'Шадринск', 0x000000000101000000a1206750230b4c40b5a09c0d9ed04f40),
(1038, 'Шали', 0x00000000010100000000378b170b934540294af89452f34640),
(1039, 'Шарыпово', 0x000000000101000000eac9a1eafcc44b4008ecc5ab874b5640),
(1040, 'Шарья', 0x000000000101000000fea666c526304d408c570f4efab34640),
(1041, 'Шатура', 0x000000000101000000c4680c29f5c94b404e147c2eaec54340),
(1042, 'Шахты', 0x000000000101000000dd161ba9adda4740f4d9a61da31b4440),
(1043, 'Шахунья', 0x00000000010100000042fee3ce96d64c403b8265b6754e4740),
(1044, 'Шацк', 0x0000000001010000003f6ebf7cb2034b4027d1dc54eedb4440),
(1045, 'Шебекино', 0x00000000010100000054b2f73d45334940cab61d64a3714240),
(1046, 'Шелехов', 0x000000000101000000dc8df458e91a4a40832a7f083b065a40),
(1047, 'Шенкурск', 0x000000000101000000e426b4f6880d4f4082e7dec325734540),
(1048, 'Шилка', 0x0000000001010000006ffbd467bdec4940a5bdc11726025d40),
(1049, 'Шимановск', 0x000000000101000000e391d332ad004a40f70fd88bd7ec5f40),
(1050, 'Шиханы', 0x00000000010100000075255d8eb20e4a40af1b00bbe4994740),
(1051, 'Шлиссельбург', 0x0000000001010000000f8ccdd8e1f84d40db3d2fcb8d083f40),
(1052, 'Шумерля', 0x0000000001010000000ab952cf82bf4b40d095ad9a8c354740),
(1053, 'Шумиха', 0x000000000101000000267f411c359d4b409f42098e26a54f40),
(1054, 'Шуя', 0x0000000001010000001ab9b8d7936d4c40c07971e2abb04440),
(1055, 'Щекино', 0x0000000001010000003cd285fd43004b406ccceb8843c24240),
(1056, 'Щелкино', 0x000000000101000000007e7cf8e8b64640442d72f49de94140),
(1057, 'Щелково', 0x0000000001010000005751cdf632f64b409fc48c953dfd4240),
(1058, 'Щигры', 0x000000000101000000262da6e37bf0494010c41e7f0e724240),
(1059, 'Щучье', 0x0000000001010000003b3602f1ba9a4b409b728577b95f4f40),
(1060, 'Электрогорск', 0x0000000001010000000607c5a05df04b40891f0835e8634340),
(1061, 'Электросталь', 0x0000000001010000005ae9ff6673e44b4052488d64ea384340),
(1062, 'Электроугли', 0x000000000101000000f9d3ebbbc7db4b40840ab375151c4340),
(1063, 'Элиста', 0x000000000101000000db036333762747409764d30094224640),
(1064, 'Энгельс', 0x0000000001010000006a076d8324be494018ab724639104740),
(1065, 'Эртиль', 0x000000000101000000761893fe5eea494091ce650f59674440),
(1066, 'Югорск', 0x000000000101000000a2cfec5ffea74e407a26eabb11ab4f40),
(1067, 'Южа', 0x0000000001010000004e8e4cd1db4b4c401fb4c304da054540),
(1068, 'Южно-Сахалинск', 0x000000000101000000d7c1c1dec47a4740504bbdb89ed76140),
(1069, 'Южно-Сухокумск', 0x0000000001010000003117a7107e5446408e565aeb30d34640),
(1070, 'Южноуральск', 0x000000000101000000cebf023d79394b40b8e0b1440ca14e40),
(1071, 'Юрга', 0x000000000101000000b7e974c531dc4b40beb38707de385540),
(1072, 'Юрьевец', 0x00000000010100000029f0a9f7afa84c4013c6600f378e4540),
(1073, 'Юрьев-Польский', 0x000000000101000000d985d50e353f4c409b3d2bc47ed54340),
(1074, 'Юрюзань', 0x000000000101000000f6f873c0646d4b40e6d1e8691b364d40),
(1075, 'Юхнов', 0x0000000001010000002b42fba24e5f4b40b49f7bc5099f4140),
(1076, 'Ядрин', 0x0000000001010000004875954968f84b4023658ba4dd194740),
(1077, 'Якутск', 0x0000000001010000009572086696034f4034af343a71376040),
(1078, 'Ялта', 0x0000000001010000004a95287b4b354640b6847cd0b3054140),
(1079, 'Ялуторовск', 0x0000000001010000003b527de717534c4034f3e49a02935040),
(1080, 'Янаул', 0x000000000101000000ab2bfa9eec214c409ee51eb704774b40),
(1081, 'Яранск', 0x000000000101000000a94d9cdcefa64c403196e99788ec4740),
(1082, 'Яровое', 0x0000000001010000000a93f30f6c764a4043fc68ddaba45340),
(1083, 'Ярославль', 0x000000000101000000151c5e1091cf4c4021e692aaedf24340),
(1084, 'Ярцево', 0x000000000101000000b8f8252c3b874b4031da99f859584040),
(1085, 'Ясногорск', 0x000000000101000000c96cdad6603d4b405308e41247d84240),
(1086, 'Ясный', 0x000000000101000000950b3ac6ba8449401d07b9e6e9ef4d40),
(1087, 'Яхрома', 0x0000000001010000001301987cfd244c409852f245d6bd4240);
