
INSERT INTO `categories` (`category_id`, `name`, `icon`) VALUES
(1, 'Курьерские услуги', 'translation'),
(2, 'Уборка', 'clean'),
(3, 'Переезды', 'cargo'),
(4, 'Компьютерная помощь', 'neo'),
(5, 'Ремонт квартирный', 'flat'),
(6, 'Ремонт техники', 'repair'),
(7, 'Красота', 'beauty'),
(8, 'Фото', 'photo');

INSERT INTO `users` (`uses_id`, `add_date`, `first_name`, `last_name`, `password_hash`, `email`, `phone`, `telegram`, `city_id`, `information`, `birthday`, `avatar_file_id`, `is_executor`) VALUES
(1, '2023-03-02 00:29:30', 'Афанасий', 'Тарасова', '$2y$13$H1yWqrFs/epi6IpMQkS.Y.UYY9LsNW.6AQVVVUizjmPQExOKqbNnu', 'rybakova.denis@list.ru', '26040793161', NULL, 481, NULL, '1982-11-30', 7, 0),
(2, '2023-03-02 00:29:30', 'Всеволод', 'Прохоров', '$2y$13$4tfrg4xXyBkbl2GvJH5ke..JNpyvObWSUwWlkNBhONPnHzEojA2Oa', 'kudryvtev.klim@inbox.ru', '51564313696', NULL, 134, NULL, '1972-07-26', 11, 1),
(3, '2023-03-02 00:29:30', 'Артур', 'Устинова', '$2y$13$7NuPFAv8Iv2B0Hw5WQmPFON8OGu3hHUtX0fdLqRQtMAKkIdXxKQku', 'florentina.ivanov@kolesnikov.ru', '22388754661', NULL, 460, NULL, '2004-01-30', 2, 0),
(4, '2023-03-02 00:29:30', 'Герасим', 'Ефимова', '$2y$13$2oMHeJE07NnMikFxsEVHNuuCn.DRwCF2eBIswLMx5.E2jQGD7i23e', 'trofim90@rambler.ru', '50459869194', NULL, 71, NULL, '2006-12-01', 11, 1),
(5, '2023-03-02 00:29:30', 'Вера', 'Веселова', '$2y$13$QetlfvbOfjsZn7YqMXJm2urYZInQUncmFMQggOC/lYzZR8qsakc52', 'anton58@rambler.ru', '85584747059', NULL, 633, NULL, '1993-08-16', 3, 0),
(6, '2023-03-02 00:29:30', 'Тамара', 'Федотов', '$2y$13$PK6QAHOuiTSLlLu6Awxng.2oMLjfOA7n805COzPmYgjMRJuq7Rp46', 'ylii.kabanov@gorskova.net', '88826132509', NULL, 242, NULL, '1981-03-17', 6, 0),
(7, '2023-03-02 00:29:30', 'Степан', 'Николаева', '$2y$13$VM168ZUxRiyuOIPrV0HZKeByGk5uSUF26dc.z6ThTcuAOilQg7wtG', 'fedosy36@semenova.ru', '68931527427', NULL, 876, NULL, '2013-09-11', 6, 0),
(8, '2023-03-02 00:29:30', 'Галина', 'Щербакова', '$2y$13$N2NpNHuBWu7RogGfAN5Yue.BgsiuDUPsO7DeBOY9bVnLKSiUN9.7e', 'bkuzmin@galkin.ru', '42151898081', NULL, 518, NULL, '2019-12-10', 3, 1),
(9, '2023-03-02 00:29:30', 'Жанна', 'Морозов', '$2y$13$LRS.dqKw6RT9Gni1IQBIXeXR6x101Aq55L/pZiW2DKJEJifky3rPC', 'dina.naumov@trofimova.com', '33564649339', NULL, 196, NULL, '1997-08-25', 1, 0),
(10, '2023-03-02 00:29:30', 'Елизавета', 'Носова', '$2y$13$oee0bgBJwn4znkhpWRgByuXJ8MSn6nC.egzRgc8d4Iool80mGAsry', 'makar48@ya.ru', '97381245826', NULL, 365, NULL, '1986-01-30', 9, 1),
(11, '2023-03-02 00:29:30', 'Антонин', 'Гусев', '$2y$13$Mn7FJvtcOtrsJpp91JXk/epcOCeAah722w0AOoCf6fKZRJeMR3jAO', 'ananii41@selezneva.ru', '38573157398', NULL, 710, NULL, '2016-04-12', 9, 1),
(12, '2023-03-02 00:29:30', 'Инга', 'Бурова', '$2y$13$UN30tffNU8vDW9hKOOFwWuHRCSMqZ7wS7LWDg7YGh04oECnG.IINO', 'aleksei70@kuzmina.ru', '2970427940', NULL, 415, NULL, '1990-02-11', 11, 0),
(13, '2023-03-02 00:29:30', 'Эльвира', 'Тетерин', '$2y$13$xsVypSfgW02sq.a5EEhlR.Ew2Mx9BZlrQrwhfQOyuZFnrCLS1oar.', 'plytkin@potapova.ru', '23280754004', NULL, 815, NULL, '1983-01-08', 3, 0),
(14, '2023-03-02 00:29:30', 'Семён', 'Шубина', '$2y$13$vpB62EzN8kuKyyaEVlrAlecQOdW/48TLsUBwqJ86WDXxSiWff5/e6', 'lapina.spartak@yandex.ru', '56771040012', NULL, 930, NULL, '2015-04-20', 10, 0),
(15, '2023-03-02 00:29:30', 'Илья', 'Константинов', '$2y$13$FYOND8jkFjuA81XdS1sYp.5MJgwGG7s5EVNMQghPw2ooUVfzhEgr.', 'zinaida38@bk.ru', '96562443674', NULL, 244, NULL, '1999-09-22', 2, 0),
(16, '2023-03-02 00:29:30', 'Искра', 'Фролова', '$2y$13$.TE0V4WOxsrfdXRXCbl7bOfRX49r8LBMPy.WumSXfqNrwY0rKKZ8i', 'bogdanova.trofim@narod.ru', '6767212436', NULL, 733, NULL, '1986-02-04', 2, 0),
(17, '2023-03-02 00:29:30', 'Злата', 'Маркова', '$2y$13$CsFgsbaxZl.7ThZPI2y0h.tMjkhhaAlW7165uleu2NCAwaFndYEra', 'ananii59@ya.ru', '65417686815', NULL, 380, NULL, '1987-08-31', 6, 0),
(18, '2023-03-02 00:29:30', 'Эмма', 'Сазонов', '$2y$13$oez45SfLbnporux7Gj.8s.NKE6JCxXG/4tkldW.eVek.MWxCU9h6O', 'anfisa52@titova.ru', '82391673241', NULL, 594, NULL, '2011-07-14', 3, 0),
(19, '2023-03-02 00:29:30', 'Виктория', 'Миронова', '$2y$13$lOYVRf48R/mlEgZgmYvcguTiza6nzBwJPRqVHWU2qBQiOBpg4M5zu', 'zoy91@ya.ru', '50992298550', NULL, 716, NULL, '1978-08-11', 11, 1),
(20, '2023-03-02 00:29:30', 'Любовь', 'Крылов', '$2y$13$Ft4yFqcyiEkaSD9uCWjcUeJ6bVdG5A4niK1kNu7cpKYcGx2obbeja', 'nazar10@hotmail.com', '22411935919', NULL, 396, NULL, '1983-12-01', 3, 1),
(21, '2023-03-02 00:29:30', 'Данила', 'Корнилова', '$2y$13$PR8gEJ7WVKb18qBu3u5D..wHpfRcpaNXIefgTNl7frD72vnebnK9G', 'inna.kornilova@kostin.com', '25587542926', NULL, 292, NULL, '1981-01-21', 1, 1),
(22, '2023-03-02 00:29:30', 'Ева', 'Некрасов', '$2y$13$2.FZgwm.8j7fNE.R5IHXSeA1MFE3woPacslxPPKgGRzI8awTZg1rG', 'ksidorov@narod.ru', '42139472397', NULL, 760, NULL, '1993-03-05', 4, 1),
(23, '2023-03-02 00:29:30', 'Марк', 'Быков', '$2y$13$USCxy6U7tCozYVKnhCPeMOx5ZrnhMXR2Unl4U4YSkzYj2aOl8DLei', 'stepan.davydova@ya.ru', '55518123241', NULL, 386, NULL, '1972-09-05', 10, 0),
(24, '2023-03-02 00:29:30', 'Ирина', 'Савин', '$2y$13$697k9oVU.U/wbMvbEnTr/Oj2vSwIVA.x64NSeCTlybJu1qUnbWzte', 'fedotova.evgeniy@hotmail.com', '23190707012', NULL, 800, NULL, '1973-06-28', 9, 1),
(25, '2023-03-02 00:29:30', 'Феликс', 'Макарова', '$2y$13$v1G8ZQrgc9xv6/5Dezuo4u7RVu7pD2Ir/.JSVNnrggeycsnZU/fsW', 'kseniy63@kovalev.ru', '20249180663', NULL, 828, NULL, '1978-01-01', 5, 1),
(26, '2023-03-02 00:29:30', 'Ярослав', 'Зимина', '$2y$13$ko/9gfnYJ9r3JtERFp4t8.QSe0bv6KugnD..oCfH3XVDyKWVpuUFC', 'olga70@timofeev.ru', '85014507385', NULL, 885, NULL, '2022-08-21', 11, 0),
(27, '2023-03-02 00:29:30', 'Добрыня', 'Зайцева', '$2y$13$brjzYS0VANldje4j80KNLeUCNlAOUBPq1JJ7EXjDhXkIoU2yjXLjm', 'vkopylova@timofeeva.ru', '38526648988', NULL, 127, NULL, '2006-10-19', 9, 1),
(28, '2023-03-02 00:29:30', 'Платон', 'Кошелев', '$2y$13$eLSacHv6yjeyuaxEDFlfieUQG9PqofBX1mA.DyUeSjzbdABrYyChu', 'nesterov.boleslav@abramova.ru', '35257717780', NULL, 724, NULL, '2012-05-28', 11, 0),
(29, '2023-03-02 00:29:30', 'Афанасий', 'Беляков', '$2y$13$oNusndvxHOasIuGRk.eyTunbLGZUDg3pzt4Za2gQRyDnzOs1Mt/za', 'elizaveta34@gmail.com', '37519890833', NULL, 932, NULL, '2014-01-14', 4, 1),
(30, '2023-03-02 00:29:30', 'Геннадий', 'Нестеров', '$2y$13$LGDBDRD/cZwU2EijdhkAA.yrBzXp0BAglteQ./1YChIpfUykibIKq', 'seliverstova.alena@komissarov.org', '22355554564', NULL, 1023, NULL, '2006-06-08', 5, 1);

INSERT INTO `cities` (`city_id`, `name`, `latitude`, `longitude`) VALUES
(1, 'Абаза', '52.6517296', '90.0885929'),
(2, 'Абакан', '53.7223661', '91.4437792'),
(3, 'Абдулино', '53.6778096', '53.6473115'),
(4, 'Абинск', '44.8679931', '38.1618437'),
(5, 'Агидель', '55.89976', '53.9221149'),
(6, 'Агрыз', '56.5232645', '52.994257'),
(7, 'Адыгейск', '44.8783715', '39.190172'),
(8, 'Азнакаево', '54.8599054', '53.0745505'),
(9, 'Азов', '47.1120631', '39.4232597'),
(10, 'Ак-Довурак', '51.1785658', '90.5984511'),
(11, 'Аксай', '47.2676075', '39.8755485'),
(12, 'Алагир', '43.0416151', '44.2198622'),
(13, 'Алапаевск', '57.8475542', '61.6693934'),
(14, 'Алатырь', '54.8398179', '46.5721423'),
(15, 'Алдан', '58.6094885', '125.3816689'),
(16, 'Алейск', '52.4920914', '82.7794145'),
(17, 'Александров', '56.3919652', '38.711035'),
(18, 'Александровск', '59.1613773', '57.5764851'),
(19, 'Александровск-Сахалинский', '50.8973664', '142.1579322'),
(20, 'Алексеевка', '50.6299932', '38.6881776'),
(21, 'Алексин', '54.5083788', '37.047891'),
(22, 'Алзамай', '55.5550493', '98.6644106'),
(23, 'Алушта', '44.6764419', '34.4100387'),
(24, 'Альметьевск', '54.9013662', '52.2970654'),
(25, 'Амурск', '50.2345017', '136.8791135'),
(26, 'Анадырь', '64.7314347', '177.5015752'),
(27, 'Анапа', '44.8950777', '37.3163142'),
(28, 'Ангарск', '52.5448102', '103.8885385'),
(29, 'Андреаполь', '56.6507072', '32.2621196'),
(30, 'Анжеро-Судженск', '56.0787179', '86.0202207'),
(31, 'Анива', '46.7132526', '142.5265052'),
(32, 'Апатиты', '67.5678295', '33.4067218'),
(33, 'Апрелевка', '55.5276336', '37.0651105'),
(34, 'Апшеронск', '44.4585239', '39.7300092'),
(35, 'Арамиль', '56.6945341', '60.8343825'),
(36, 'Аргун', '43.2918071', '45.8724383'),
(37, 'Ардатов', '54.8465693', '46.2412736'),
(38, 'Ардон', '43.1756719', '44.2955701'),
(39, 'Арзамас', '55.3947544', '43.8407855'),
(40, 'Аркадак', '51.9387813', '43.4997558'),
(41, 'Армавир', '45.0010338', '41.132392'),
(42, 'Армянск', '46.1059247', '33.6910325'),
(43, 'Арсеньев', '44.16208', '133.269622'),
(44, 'Арск', '56.0913636', '49.8770441'),
(45, 'Артем', '43.350053', '132.1596594'),
(46, 'Артемовск', '54.3472901', '93.4356543'),
(47, 'Артемовский', '57.3384162', '61.8946599'),
(48, 'Архангельск', '64.5392985', '40.5170083'),
(49, 'Асбест', '57.0052428', '61.4581071'),
(50, 'Асино', '56.9908444', '86.1765724'),
(51, 'Астрахань', '46.3655808', '48.0559979'),
(52, 'Аткарск', '51.8736331', '45.0003199'),
(53, 'Ахтубинск', '48.2753078', '46.1906741'),
(54, 'Ачинск', '56.2538662', '90.47949'),
(55, 'Аша', '54.9907105', '57.2783704'),
(56, 'Бабаево', '59.389309', '35.9378318'),
(57, 'Бабушкин', '51.7113066', '105.8673633'),
(58, 'Бавлы', '54.4063588', '53.2457946'),
(59, 'Багратионовск', '54.3866976', '20.6418545'),
(60, 'Байкальск', '51.5231282', '104.1485752'),
(61, 'Баймак', '52.5912632', '58.3111995'),
(62, 'Бакал', '54.9406759', '58.8051085'),
(63, 'Баксан', '43.6820621', '43.5345627'),
(64, 'Балабаново', '55.1773652', '36.6567255'),
(65, 'Балаково', '52.0222694', '47.7828146'),
(66, 'Балахна', '56.4949932', '43.5758953'),
(67, 'Балашиха', '55.7963352', '37.9381413'),
(68, 'Балашов', '51.5389502', '43.1839828'),
(69, 'Балей', '51.5822063', '116.6380088'),
(70, 'Балтийск', '54.6514128', '19.9141911'),
(71, 'Барабинск', '55.3515917', '78.3465012'),
(72, 'Барнаул', '53.3481145', '83.7798362'),
(73, 'Барыш', '53.6534563', '47.1180805'),
(74, 'Батайск', '47.138321', '39.7508382'),
(75, 'Бахчисарай', '44.751388', '33.8750341'),
(76, 'Бежецк', '57.7861144', '36.6903445'),
(77, 'Белая Калитва', '48.176948', '40.8033169'),
(78, 'Белая Холуница', '58.8415212', '50.8461002'),
(79, 'Белгород', '50.5977351', '36.5858236'),
(80, 'Белебей', '54.1033832', '54.1111878'),
(81, 'Белев', '53.8113348', '36.1383153'),
(82, 'Белинский', '52.9641169', '43.4185003'),
(83, 'Белово', '54.4221442', '86.3036438'),
(84, 'Белогорск', '50.9212235', '128.4738742'),
(85, 'Белозерск', '60.0307914', '37.7891123'),
(86, 'Белокуриха', '51.9960534', '84.9840343'),
(87, 'Беломорск', '64.5378468', '34.7799717'),
(88, 'Белорецк', '53.9675927', '58.4099562'),
(89, 'Белореченск', '44.7652733', '39.8780457'),
(90, 'Белоусово', '55.0957679', '36.6777239'),
(91, 'Белоярский', '63.712181', '66.6772357'),
(92, 'Белый', '55.8337663', '32.9388976'),
(93, 'Бердск', '54.7582375', '83.1072212'),
(94, 'Березники', '59.4079898', '56.8040725'),
(95, 'Березовский', '55.6692853', '86.2744636'),
(96, 'Беслан', '43.1937634', '44.5338746'),
(97, 'Бийск', '52.5393683', '85.2138852'),
(98, 'Бикин', '46.8186244', '134.2551046'),
(99, 'Билибино', '68.0585533', '166.4388451'),
(100, 'Биробиджан', '48.7945975', '132.9217594'),
(101, 'Бирск', '55.4157107', '55.5582335'),
(102, 'Бирюсинск', '55.9608611', '97.8203624'),
(103, 'Бирюч', '50.6483899', '38.4006203'),
(104, 'Благовещенск', '50.2905935', '127.5272186'),
(105, 'Благодарный', '45.0990834', '43.4307042'),
(106, 'Бобров', '51.0902048', '40.0320014'),
(107, 'Богданович', '56.7764419', '62.0463692'),
(108, 'Богородицк', '53.7700516', '38.1225308'),
(109, 'Богородск', '56.1019905', '43.513678'),
(110, 'Боготол', '56.209881', '89.5300182'),
(111, 'Богучар', '49.9352997', '40.5592467'),
(112, 'Бодайбо', '57.8468822', '114.1867148'),
(113, 'Бокситогорск', '59.4735032', '33.8456521'),
(114, 'Болгар', '54.9748862', '49.0302977'),
(115, 'Бологое', '57.885655', '34.0536895'),
(116, 'Болотное', '55.6693773', '84.3906599'),
(117, 'Болохово', '54.0820644', '37.826844'),
(118, 'Болхов', '53.4440204', '36.0076969'),
(119, 'Большой Камень', '43.1112737', '132.3480354'),
(120, 'Бор', '56.3565179', '44.0644851'),
(121, 'Борзя', '50.3875437', '116.5235682'),
(122, 'Борисоглебск', '51.3654619', '42.100947'),
(123, 'Боровичи', '58.3839866', '33.9176761'),
(124, 'Боровск', '55.2130965', '36.4927446'),
(125, 'Бородино', '55.9054308', '94.9021138'),
(126, 'Братск', '56.1513951', '101.6339892'),
(127, 'Бронницы', '55.4255534', '38.2640794'),
(128, 'Брянск', '53.2420071', '34.3652716'),
(129, 'Бугульма', '54.5363428', '52.7895286'),
(130, 'Бугуруслан', '53.6522636', '52.4326166'),
(131, 'Буденновск', '44.7814437', '44.1650859'),
(132, 'Бузулук', '52.7881434', '52.2623757'),
(133, 'Буинск', '54.9641106', '48.2900576'),
(134, 'Буй', '58.473445', '41.5306746'),
(135, 'Буйнакск', '42.8213799', '47.1164452'),
(136, 'Бутурлиновка', '50.8313227', '40.5977541'),
(137, 'Валдай', '57.9822906', '33.2369492'),
(138, 'Валуйки', '50.2112799', '38.0998765'),
(139, 'Велиж', '55.6058845', '31.1857376'),
(140, 'Великие Луки', '56.3321847', '30.550757'),
(141, 'Великий Новгород', '58.5214003', '31.2755051'),
(142, 'Великий Устюг', '60.7603243', '46.3053893'),
(143, 'Вельск', '61.0660057', '42.1032858'),
(144, 'Венев', '54.3542431', '38.2642325'),
(145, 'Верещагино', '58.0797908', '54.6580948'),
(146, 'Верея', '55.3674668', '36.1563083'),
(147, 'Верхнеуральск', '53.8760587', '59.2169071'),
(148, 'Верхний Тагил', '57.3762768', '59.9516521'),
(149, 'Верхний Уфалей', '56.0487252', '60.231963'),
(150, 'Верхняя Пышма', '56.9757833', '60.564885'),
(151, 'Верхняя Салда', '58.0466039', '60.5560397'),
(152, 'Верхняя Тура', '58.3643839', '59.8266854'),
(153, 'Верхотурье', '58.8621145', '60.8104543'),
(154, 'Верхоянск', '67.5500865', '133.3907829'),
(155, 'Весьегонск', '58.6584004', '37.2568605'),
(156, 'Ветлуга', '57.8558395', '45.7762692'),
(157, 'Видное', '55.5518323', '37.7062062'),
(158, 'Вилюйск', '63.7517314', '121.6272754'),
(159, 'Вилючинск', '52.930428', '158.4057276'),
(160, 'Вихоревка', '56.1207708', '101.170332'),
(161, 'Вичуга', '57.2044545', '41.9131192'),
(162, 'Владивосток', '43.1163807', '131.882348'),
(163, 'Владикавказ', '43.0205039', '44.6819383'),
(164, 'Владимир', '56.1281561', '40.4082995'),
(165, 'Волгоград', '48.7072005', '44.5170207'),
(166, 'Волгодонск', '47.5165181', '42.1984531'),
(167, 'Волгореченск', '57.4423712', '41.1593076'),
(168, 'Волжск', '55.8622987', '48.371553'),
(169, 'Волжский', '48.7978483', '44.7462417'),
(170, 'Вологда', '59.2484186', '39.8356461'),
(171, 'Володарск', '56.2168974', '43.1597623'),
(172, 'Волоколамск', '56.0358121', '35.9585027'),
(173, 'Волосово', '59.4445107', '29.492277'),
(174, 'Волхов', '59.9006057', '32.35212'),
(175, 'Волчанск', '59.9350515', '60.0797964'),
(176, 'Вольск', '52.0459932', '47.3873504'),
(177, 'Воркута', '67.4973484', '64.0611045'),
(178, 'Воронеж', '51.6592378', '39.1968284'),
(179, 'Ворсма', '55.9900425', '43.2719879'),
(180, 'Воскресенск', '55.3071305', '38.7026949'),
(181, 'Воткинск', '57.0517641', '53.9874635'),
(182, 'Всеволожск', '60.0190094', '30.6455834'),
(183, 'Вуктыл', '63.8615209', '57.3165207'),
(184, 'Выборг', '60.7130748', '28.7328813'),
(185, 'Выкса', '55.3207103', '42.1679169'),
(186, 'Высоковск', '56.336141', '36.5251316'),
(187, 'Высоцк', '60.6296511', '28.5709914'),
(188, 'Вытегра', '61.0064157', '36.4495835'),
(189, 'Вышний Волочек', '57.5683326', '34.5402931'),
(190, 'Вяземский', '47.5354416', '134.7553701'),
(191, 'Вязники', '56.2976528', '42.2687311'),
(192, 'Вязьма', '55.2115563', '34.2951196'),
(193, 'Вятские Поляны', '56.2286058', '51.0614666'),
(194, 'Гаврилов Посад', '56.5585967', '40.1228288'),
(195, 'Гаврилов-Ям', '57.3091552', '39.8545157'),
(196, 'Гагарин', '55.5526532', '34.9949049'),
(197, 'Гаджиево', '69.2490009', '33.3152445'),
(198, 'Гай', '51.4649138', '58.4436189'),
(199, 'Галич', '58.3826861', '42.3654563'),
(200, 'Гатчина', '59.5650861', '30.1281859'),
(201, 'Гвардейск', '54.6588981', '21.0500584'),
(202, 'Гдов', '58.7432585', '27.8263328'),
(203, 'Геленджик', '44.5631053', '38.0790184'),
(204, 'Георгиевск', '44.1486421', '43.4739718'),
(205, 'Глазов', '58.1359111', '52.6634998'),
(206, 'Голицыно', '55.6189762', '36.9855559'),
(207, 'Горбатов', '56.1307901', '43.0626829'),
(208, 'Горно-Алтайск', '51.9582681', '85.9602957'),
(209, 'Горнозаводск', '58.3743406', '58.3230329'),
(210, 'Горняк', '50.9979032', '81.4643059'),
(211, 'Городец', '56.6447459', '43.4722975'),
(212, 'Городище', '53.2727888', '45.702731'),
(213, 'Городовиковск', '46.0875351', '41.9354039'),
(214, 'Гороховец', '56.2021059', '42.692517'),
(215, 'Горячий Ключ', '44.6343251', '39.1356421'),
(216, 'Грайворон', '50.4862699', '35.6662957'),
(217, 'Гремячинск', '58.5625603', '57.8520073'),
(218, 'Грозный', '43.3179243', '45.6981102'),
(219, 'Грязи', '52.4873931', '39.9331785'),
(220, 'Грязовец', '58.8757657', '40.248477'),
(221, 'Губаха', '58.837024', '57.5544441'),
(222, 'Губкин', '51.2836362', '37.5347608'),
(223, 'Губкинский', '64.4456575', '76.4714559'),
(224, 'Гудермес', '43.3519164', '46.1036052'),
(225, 'Гуково', '48.0449422', '39.9484635'),
(226, 'Гулькевичи', '45.3605769', '40.6918484'),
(227, 'Гурьевск', '54.7705368', '20.6039109'),
(228, 'Гусев', '54.5915477', '22.1944114'),
(229, 'Гусиноозерск', '51.2865751', '106.5230732'),
(230, 'Гусь-Хрустальный', '55.6198065', '40.6578769'),
(231, 'Давлеканово', '54.2227617', '55.0313419'),
(232, 'Дагестанские Огни', '42.1151021', '48.1939983'),
(233, 'Далматово', '56.2621393', '62.9387378'),
(234, 'Дальнегорск', '44.5539909', '135.5662536'),
(235, 'Дальнереченск', '45.9307882', '133.7316542'),
(236, 'Данилов', '58.1859542', '40.1796765'),
(237, 'Данков', '53.25769', '39.1457625'),
(238, 'Дегтярск', '56.7048199', '60.0792227'),
(239, 'Дедовск', '55.8704718', '37.1244724'),
(240, 'Демидов', '55.2682611', '31.5062078'),
(241, 'Дербент', '42.058935', '48.2908653'),
(242, 'Десногорск', '54.1465117', '33.2834063'),
(243, 'Джанкой', '45.7092436', '34.388332'),
(244, 'Дзержинск', '56.2376438', '43.4599363'),
(245, 'Дзержинский', '55.6241079', '37.8440691'),
(246, 'Дивногорск', '55.9577868', '92.380085'),
(247, 'Дигора', '43.1567386', '44.1551132'),
(248, 'Димитровград', '54.2168446', '49.6261645'),
(249, 'Дмитриев', '52.1269291', '35.0739504'),
(250, 'Дмитров', '56.3477176', '37.5267184'),
(251, 'Дмитровск', '52.5053481', '35.141535'),
(252, 'Дно', '57.8269802', '29.9629569'),
(253, 'Добрянка', '58.4696353', '56.4131294'),
(254, 'Долгопрудный', '55.9384901', '37.5100527'),
(255, 'Долинск', '47.3255903', '142.7945985'),
(256, 'Домодедово', '55.4363901', '37.7666263'),
(257, 'Донецк', '48.3350928', '39.9460654'),
(258, 'Донской', '53.9679582', '38.3372104'),
(259, 'Дорогобуж', '54.9137794', '33.3024596'),
(260, 'Дрезна', '55.7442991', '38.8499228'),
(261, 'Дубна', '56.7417949', '37.1757163'),
(262, 'Дубовка', '49.0555342', '44.8270813'),
(263, 'Дудинка', '69.4031339', '86.1908135'),
(264, 'Духовщина', '55.1950509', '32.4012351'),
(265, 'Дюртюли', '55.4848047', '54.8524875'),
(266, 'Дятьково', '53.5958283', '34.355092'),
(267, 'Евпатория', '45.1904322', '33.3667685'),
(268, 'Егорьевск', '55.3831326', '39.0358236'),
(269, 'Ейск', '46.7114611', '38.2764915'),
(270, 'Екатеринбург', '56.8386326', '60.6054887'),
(271, 'Елабуга', '55.7566727', '52.0544438'),
(272, 'Елец', '52.6151738', '38.5289121'),
(273, 'Елизово', '53.1829573', '158.3882833'),
(274, 'Ельня', '54.5836832', '33.1749566'),
(275, 'Еманжелинск', '54.7554084', '61.3243985'),
(276, 'Емва', '62.5965314', '50.8731889'),
(277, 'Енисейск', '58.4485234', '92.165237'),
(278, 'Ермолино', '55.1972714', '36.5951966'),
(279, 'Ершов', '51.3508407', '48.2763313'),
(280, 'Ессентуки', '44.044461', '42.8589078'),
(281, 'Ефремов', '53.1465725', '38.0922412'),
(282, 'Железноводск', '44.1320689', '43.0306475'),
(283, 'Железногорск', '56.2529346', '93.532167'),
(284, 'Железногорск-Илимский', '56.5847382', '104.1141747'),
(285, 'Жердевка', '51.8421783', '41.4617407'),
(286, 'Жигулевск', '53.4011545', '49.494529'),
(287, 'Жиздра', '53.7522384', '34.7386719'),
(288, 'Жирновск', '50.9767561', '44.7857694'),
(289, 'Жуков', '55.0301386', '36.7393279'),
(290, 'Жуковка', '53.5341219', '33.7302166'),
(291, 'Жуковский', '55.5998408', '38.1224185'),
(292, 'Завитинск', '50.1064678', '129.4392897'),
(293, 'Заводоуковск', '56.5012193', '66.5505094'),
(294, 'Заволжск', '57.4916546', '42.1374455'),
(295, 'Заволжье', '56.6404237', '43.3871565'),
(296, 'Задонск', '52.4004611', '38.9205772'),
(297, 'Заинск', '55.2988854', '52.0063634'),
(298, 'Закаменск', '50.3726774', '103.2867452'),
(299, 'Заозерный', '55.9617268', '94.7091037'),
(300, 'Заозерск', '69.4003895', '32.4502225'),
(301, 'Западная Двина', '56.2568002', '32.0805972'),
(302, 'Заполярный', '69.413232', '30.7985332'),
(303, 'Зарайск', '54.7625993', '38.8851485'),
(304, 'Заречный', '53.1961009', '45.1691502'),
(305, 'Заринск', '53.7063495', '84.9314703'),
(306, 'Звенигово', '55.9739374', '48.0170276'),
(307, 'Звенигород', '55.7296168', '36.8552843'),
(308, 'Зверево', '48.043451', '40.1264948'),
(309, 'Зеленогорск', '56.1133001', '94.5888736'),
(310, 'Зеленоградск', '54.9600226', '20.4753274'),
(311, 'Зеленодольск', '55.8466751', '48.5010882'),
(312, 'Зеленокумск', '44.403359', '43.8841326'),
(313, 'Зерноград', '46.8494991', '40.312765'),
(314, 'Зея', '53.7339151', '127.2658079'),
(315, 'Зима', '53.9206865', '102.0492066'),
(316, 'Златоуст', '55.1715695', '59.6726264'),
(317, 'Злынка', '52.4265906', '31.7360386'),
(318, 'Змеиногорск', '51.1580235', '82.1872476'),
(319, 'Знаменск', '48.5865618', '45.7367908'),
(320, 'Зубцов', '56.1760709', '34.5825504'),
(321, 'Зуевка', '58.4031674', '51.1330787'),
(322, 'Ивангород', '59.3765845', '28.2230504'),
(323, 'Иваново', '56.9994677', '40.9728231'),
(324, 'Ивантеевка', '55.9742303', '37.9208755'),
(325, 'Ивдель', '60.6944353', '60.4244661'),
(326, 'Игарка', '67.4667947', '86.5814287'),
(327, 'Ижевск', '56.8527444', '53.2113961'),
(328, 'Избербаш', '42.565098', '47.871002'),
(329, 'Изобильный', '45.3684342', '41.7086448'),
(330, 'Иланский', '56.2374163', '96.0672656'),
(331, 'Инза', '53.8550467', '46.3532786'),
(332, 'Инкерман', '44.6135153', '33.6100739'),
(333, 'Иннополис', '55.7521544', '48.7446161'),
(334, 'Инсар', '53.8770384', '44.3696866'),
(335, 'Инта', '66.0368196', '60.1154612'),
(336, 'Ипатово', '45.7181897', '42.8969695'),
(337, 'Ирбит', '57.6838406', '63.0576639'),
(338, 'Иркутск', '52.2863513', '104.280655'),
(339, 'Исилькуль', '54.9096156', '71.2816107'),
(340, 'Искитим', '54.6266869', '83.2951444'),
(341, 'Истра', '55.9061087', '36.8600854'),
(342, 'Ишим', '56.0952037', '69.4643292'),
(343, 'Ишимбай', '53.4546314', '56.043874'),
(344, 'Йошкар-Ола', '56.6343763', '47.8998445'),
(345, 'Кадников', '59.5037947', '40.3440473'),
(346, 'Казань', '55.7943877', '49.1115312'),
(347, 'Калач', '50.4241213', '41.0162858'),
(348, 'Калачинск', '55.0598547', '74.5655075'),
(349, 'Калач-на-Дону', '48.6887569', '43.5306866'),
(350, 'Калининград', '54.7073218', '20.5072458'),
(351, 'Калининск', '51.4992917', '44.4710177'),
(352, 'Калтан', '53.5210461', '87.2772143'),
(353, 'Калуга', '54.5060439', '36.2515933'),
(354, 'Калязин', '57.2579471', '37.7821253'),
(355, 'Камбарка', '56.2659745', '54.1934153'),
(356, 'Каменка', '53.1855474', '44.0468501'),
(357, 'Каменногорск', '60.9508768', '29.1308061'),
(358, 'Каменск-Уральский', '56.4149095', '61.9189837'),
(359, 'Каменск-Шахтинский', '48.3204412', '40.268874'),
(360, 'Камень-на-Оби', '53.7915454', '81.3545173'),
(361, 'Камешково', '56.3488712', '40.9955682'),
(362, 'Камызяк', '46.1105429', '48.0732724'),
(363, 'Камышин', '50.0651261', '45.3843816'),
(364, 'Камышлов', '56.8465469', '62.7120432'),
(365, 'Канаш', '55.5069543', '47.4917734'),
(366, 'Кандалакша', '67.1567298', '32.4142303'),
(367, 'Канск', '56.2049776', '95.7051246'),
(368, 'Карабаново', '56.3133447', '38.7034267'),
(369, 'Карабаш', '55.4852076', '60.2358959'),
(370, 'Карабулак', '43.3054762', '44.9094521'),
(371, 'Карасук', '53.7343772', '78.042457'),
(372, 'Карачаевск', '43.773197', '41.9143726'),
(373, 'Карачев', '53.1297194', '34.9887859'),
(374, 'Каргат', '55.1943829', '80.2831324'),
(375, 'Каргополь', '61.5008762', '38.9636415'),
(376, 'Карпинск', '59.7664444', '60.0011798'),
(377, 'Карталы', '53.0536101', '60.647712'),
(378, 'Касимов', '54.9373788', '41.3912912'),
(379, 'Касли', '55.8868045', '60.7422529'),
(380, 'Каспийск', '42.8916599', '47.6366674'),
(381, 'Катав-Ивановск', '54.7520187', '58.1983706'),
(382, 'Катайск', '56.2908118', '62.5800669'),
(383, 'Качканар', '58.7051759', '59.4840198'),
(384, 'Кашин', '57.3600486', '37.6118674'),
(385, 'Кашира', '54.8534263', '38.1903818'),
(386, 'Кедровый', '57.5618465', '79.5678914'),
(387, 'Кемерово', '55.3909721', '86.0467864'),
(388, 'Кемь', '64.9543657', '34.5948547'),
(389, 'Керчь', '45.3561128', '36.4674285'),
(390, 'Кизел', '59.0511764', '57.6471214'),
(391, 'Кизилюрт', '43.2039094', '46.8729311'),
(392, 'Кизляр', '43.8483915', '46.7232828'),
(393, 'Кимовск', '53.9698378', '38.5380267'),
(394, 'Кимры', '56.873359', '37.3557064'),
(395, 'Кингисепп', '59.3739407', '28.6112981'),
(396, 'Кинель', '53.2209985', '50.6343039'),
(397, 'Кинешма', '57.4425441', '42.1690039'),
(398, 'Киреевск', '53.9321173', '37.9220791'),
(399, 'Киренск', '57.7757126', '108.1107766'),
(400, 'Киржач', '56.1485263', '38.8635035'),
(401, 'Кириллов', '59.8590353', '38.3749854'),
(402, 'Кириши', '59.4742626', '32.0625536'),
(403, 'Киров', '54.0790823', '34.3077508'),
(404, 'Кировград', '57.4298451', '60.0623588'),
(405, 'Кирово-Чепецк', '58.5559921', '50.0317608'),
(406, 'Кировск', '59.875371', '30.9815205'),
(407, 'Кирс', '59.3400586', '52.2415895'),
(408, 'Кирсанов', '52.650594', '42.7284872'),
(409, 'Киселевск', '54.0060382', '86.6367387'),
(410, 'Кисловодск', '43.905235', '42.7167187'),
(411, 'Клин', '56.3424886', '36.7240912'),
(412, 'Клинцы', '52.7529052', '32.2339161'),
(413, 'Княгинино', '55.8205157', '45.0322947'),
(414, 'Ковдор', '67.5661466', '30.4742082'),
(415, 'Ковров', '56.3553895', '41.3169568'),
(416, 'Ковылкино', '54.0391464', '43.9191229'),
(417, 'Когалым', '62.2638914', '74.4828687'),
(418, 'Кодинск', '58.6033961', '99.1797563'),
(419, 'Козельск', '54.0348417', '35.7807136'),
(420, 'Козловка', '55.8406526', '48.2579372'),
(421, 'Козьмодемьянск', '56.333346', '46.5466282'),
(422, 'Кола', '68.8785079', '33.0262014'),
(423, 'Кологрив', '58.826988', '44.3185323'),
(424, 'Коломна', '55.1027797', '38.7531734'),
(425, 'Колпашево', '58.3114716', '82.9027528'),
(426, 'Кольчугино', '56.3327616', '39.391201'),
(427, 'Коммунар', '59.6215929', '30.393466'),
(428, 'Комсомольск', '57.0273907', '40.3775952'),
(429, 'Комсомольск-на-Амуре', '50.550011', '137.0079286'),
(430, 'Конаково', '56.7275533', '36.8011699'),
(431, 'Кондопога', '62.2059866', '34.2681778'),
(432, 'Кондрово', '54.796051', '35.9276099'),
(433, 'Константиновск', '47.5773456', '41.0967362'),
(434, 'Копейск', '55.1167545', '61.6180809'),
(435, 'Кораблино', '53.9245422', '40.0227867'),
(436, 'Кореновск', '45.4640868', '39.4590178'),
(437, 'Коркино', '54.8903023', '61.4034541'),
(438, 'Королев', '55.9162558', '37.8545224'),
(439, 'Короча', '50.8130123', '37.1896543'),
(440, 'Корсаков', '46.6323995', '142.7994094'),
(441, 'Коряжма', '61.2885993', '47.1002315'),
(442, 'Костерево', '55.9336424', '39.624822'),
(443, 'Костомукша', '64.5889946', '30.6015567'),
(444, 'Кострома', '57.8029445', '40.9907282'),
(445, 'Котельники', '55.659898', '37.8632865'),
(446, 'Котельниково', '47.6310808', '43.1331198'),
(447, 'Котельнич', '58.3035238', '48.3474288'),
(448, 'Котлас', '61.2529842', '46.6331915'),
(449, 'Котово', '50.3205433', '44.8031864'),
(450, 'Котовск', '52.592393', '41.5102486'),
(451, 'Кохма', '56.9325151', '41.0933071'),
(452, 'Красавино', '60.9613991', '46.481465'),
(453, 'Красноармейск', '51.0268595', '45.7011086'),
(454, 'Красновишерск', '60.3902242', '57.0537244'),
(455, 'Красногорск', '55.8318475', '37.32942'),
(456, 'Краснодар', '45.040235', '38.9760801'),
(457, 'Краснозаводск', '56.4408723', '38.2320671'),
(458, 'Краснознаменск', '54.9452612', '22.4928511'),
(459, 'Краснокаменск', '50.092858', '118.0323407'),
(460, 'Краснокамск', '58.0820946', '55.7479797'),
(461, 'Красноперекопск', '45.9537956', '33.7921523'),
(462, 'Краснослободск', '48.7068777', '44.5631799'),
(463, 'Краснотурьинск', '59.7636934', '60.1934451'),
(464, 'Красноуральск', '58.3486334', '60.0409011'),
(465, 'Красноуфимск', '56.6122864', '57.7636958'),
(466, 'Красноярск', '56.009466', '92.8524162'),
(467, 'Красный Кут', '50.9596867', '46.9712472'),
(468, 'Красный Сулин', '47.8830826', '40.0781385'),
(469, 'Красный Холм', '58.0570193', '37.1125975'),
(470, 'Кременки', '54.8863306', '37.116878'),
(471, 'Кропоткин', '45.4332464', '40.5727852'),
(472, 'Крымск', '44.9344108', '37.9855314'),
(473, 'Кстово', '56.1433353', '44.1665081'),
(474, 'Кубинка', '55.5755679', '36.6952487'),
(475, 'Кувандык', '51.4784845', '57.3612029'),
(476, 'Кувшиново', '57.0263733', '34.1676435'),
(477, 'Кудымкар', '59.0168605', '54.6573459'),
(478, 'Кузнецк', '53.1131686', '46.6052497'),
(479, 'Куйбышев', '55.4684104', '78.3241042'),
(480, 'Кулебаки', '55.429716', '42.512483'),
(481, 'Кумертау', '52.7565537', '55.7969915'),
(482, 'Кунгур', '57.4283217', '56.9437787'),
(483, 'Купино', '54.3660317', '77.2972969'),
(484, 'Курган', '55.4443448', '65.3161339'),
(485, 'Курганинск', '44.8876442', '40.5913858'),
(486, 'Курильск', '45.2271915', '147.8796713'),
(487, 'Курлово', '55.4525994', '40.6124362'),
(488, 'Куровское', '55.5791491', '38.9208543'),
(489, 'Курск', '51.7303391', '36.1926448'),
(490, 'Куртамыш', '54.9368491', '64.4203009'),
(491, 'Курчатов', '51.6605475', '35.6571711'),
(492, 'Куса', '55.3385156', '59.4386474'),
(493, 'Кушва', '58.2825406', '59.7646113'),
(494, 'Кызыл', '51.7191542', '94.4377234'),
(495, 'Кыштым', '55.7060048', '60.5563271'),
(496, 'Кяхта', '50.3466291', '106.4534938'),
(497, 'Лабинск', '44.6353153', '40.724385'),
(498, 'Лабытнанги', '66.6592376', '66.3882628'),
(499, 'Лагань', '45.3929617', '47.3432943'),
(500, 'Ладушкин', '54.5693538', '20.1691909'),
(501, 'Лаишево', '55.4042646', '49.5498201'),
(502, 'Лакинск', '56.0180614', '39.9564706'),
(503, 'Лангепас', '61.2536667', '75.1807905'),
(504, 'Лахденпохья', '61.5189466', '30.199592'),
(505, 'Лебедянь', '53.0156678', '39.143498'),
(506, 'Лениногорск', '54.5966917', '52.4432118'),
(507, 'Ленинск', '48.6936234', '45.1992835'),
(508, 'Ленинск-Кузнецкий', '54.6674092', '86.1796724'),
(509, 'Ленск', '60.7276036', '114.9549103'),
(510, 'Лермонтов', '44.1052526', '42.9731433'),
(511, 'Лесной', '58.634981', '59.7980528'),
(512, 'Лесозаводск', '45.4780192', '133.4185501'),
(513, 'Лесосибирск', '58.2218201', '92.5036986'),
(514, 'Ливны', '52.4285122', '37.603944'),
(515, 'Ликино-Дулево', '55.7078531', '38.9577103'),
(516, 'Липецк', '52.6103027', '39.5946266'),
(517, 'Липки', '53.9418109', '37.7019452'),
(518, 'Лиски', '50.9944734', '39.518302'),
(519, 'Лихославль', '57.122256', '35.4667886'),
(520, 'Лобня', '56.0328745', '37.4614671'),
(521, 'Лодейное Поле', '60.7320564', '33.5522225'),
(522, 'Лосино-Петровский', '55.8714441', '38.2005377'),
(523, 'Луга', '58.7373818', '29.8466657'),
(524, 'Луза', '60.6290781', '47.2612069'),
(525, 'Лукоянов', '55.0327349', '44.4933829'),
(526, 'Луховицы', '54.9651617', '39.0261346'),
(527, 'Лысково', '56.0262298', '45.0356702'),
(528, 'Лысьва', '58.0995987', '57.8085728'),
(529, 'Лыткарино', '55.5778065', '37.9034952'),
(530, 'Льгов', '51.6596935', '35.2611592'),
(531, 'Любань', '59.3492573', '31.2485276'),
(532, 'Люберцы', '55.700416', '37.9606496'),
(533, 'Любим', '58.3619868', '40.6869581'),
(534, 'Людиново', '53.8701406', '34.4385498'),
(535, 'Лянтор', '61.6391639', '72.1793828'),
(536, 'Магадан', '59.5681763', '150.8085289'),
(537, 'Магас', '43.1686967', '44.8130849'),
(538, 'Магнитогорск', '53.4071891', '58.9791432'),
(539, 'Майкоп', '44.6098268', '40.1006527'),
(540, 'Майский', '43.6281779', '44.0516663'),
(541, 'Макаров', '48.6236287', '142.7803508'),
(542, 'Макарьев', '57.8808916', '43.8014428'),
(543, 'Макушино', '55.2154025', '67.2452558'),
(544, 'Малая Вишера', '58.8458076', '32.2247984'),
(545, 'Малгобек', '43.5097009', '44.5901517'),
(546, 'Малмыж', '56.5243722', '50.6782757'),
(547, 'Малоархангельск', '52.4001151', '36.5037931'),
(548, 'Малоярославец', '55.0176756', '36.4632122'),
(549, 'Мамадыш', '55.7149876', '51.4128614'),
(550, 'Мамоново', '54.4645591', '19.9454114'),
(551, 'Мантурово', '58.3264667', '44.7575036'),
(552, 'Мариинск', '56.2127836', '87.7454392'),
(553, 'Мариинский Посад', '56.111968', '47.7142676'),
(554, 'Маркс', '51.7133973', '46.7400684'),
(555, 'Махачкала', '42.9848572', '47.5046303'),
(556, 'Мглин', '53.0600644', '32.8467217'),
(557, 'Мегион', '61.0318946', '76.1024772'),
(558, 'Медвежьегорск', '62.9127678', '34.4567614'),
(559, 'Медногорск', '51.4039421', '57.5832185'),
(560, 'Медынь', '54.9690755', '35.887313'),
(561, 'Межгорье', '54.239683', '57.96146'),
(562, 'Междуреченск', '53.6865695', '88.0703888'),
(563, 'Мезень', '65.8398386', '44.2531865'),
(564, 'Меленки', '55.3387017', '41.634124'),
(565, 'Мелеуз', '52.9590637', '55.9283483'),
(566, 'Менделеевск', '55.8950646', '52.3144177'),
(567, 'Мензелинск', '55.7270908', '53.1005321'),
(568, 'Мещовск', '54.3191127', '35.2816065'),
(569, 'Миасс', '55.0455774', '60.1077757'),
(570, 'Микунь', '62.3580188', '50.0719738'),
(571, 'Миллерово', '48.925821', '40.3983302'),
(572, 'Минеральные Воды', '44.2088942', '43.1383482'),
(573, 'Минусинск', '53.7105509', '91.6871866'),
(574, 'Миньяр', '55.0709601', '57.5484435'),
(575, 'Мирный', '62.7644267', '40.3359976'),
(576, 'Михайлов', '54.2296493', '39.0090857'),
(577, 'Михайловка', '50.0708749', '43.2400847'),
(578, 'Михайловск', '56.4369736', '59.113865'),
(579, 'Мичуринск', '52.891294', '40.510475'),
(580, 'Могоча', '53.7362465', '119.7661232'),
(581, 'Можайск', '55.5069819', '36.0240724'),
(582, 'Можга', '56.4427219', '52.2138882'),
(583, 'Моздок', '43.7471209', '44.6571456'),
(584, 'Мончегорск', '67.9385206', '32.9358886'),
(585, 'Морозовск', '48.3511724', '41.8308006'),
(586, 'Моршанск', '53.4436469', '41.8115687'),
(587, 'Мосальск', '54.4825589', '34.987206'),
(588, 'Муравленко', '63.794188', '74.494913'),
(589, 'Мураши', '59.3956347', '48.9637651'),
(590, 'Мурманск', '69.0076958', '33.0686019'),
(591, 'Муром', '55.5632276', '42.023006'),
(592, 'Мценск', '53.2790021', '36.574992'),
(593, 'Мыски', '53.7125516', '87.8056657'),
(594, 'Мытищи', '55.9104647', '37.7363702'),
(595, 'Мышкин', '57.7881664', '38.4542816'),
(596, 'Набережные Челны', '55.7436475', '52.3958739'),
(597, 'Навашино', '55.5439105', '42.1887734'),
(598, 'Наволоки', '57.4678426', '41.9607371'),
(599, 'Надым', '65.5377514', '72.5182746'),
(600, 'Назарово', '56.0113176', '90.4167947'),
(601, 'Назрань', '43.2257977', '44.764685'),
(602, 'Называевск', '55.5688811', '71.3502572'),
(603, 'Нальчик', '43.4846312', '43.6070316'),
(604, 'Нариманов', '46.6916597', '47.8501624'),
(605, 'Наро-Фоминск', '55.3802749', '36.7608038'),
(606, 'Нарткала', '43.5577208', '43.8576411'),
(607, 'Нарьян-Мар', '67.6381525', '53.0069336'),
(608, 'Находка', '42.8240404', '132.8927812'),
(609, 'Невель', '56.0201544', '29.9240505'),
(610, 'Невельск', '46.6527314', '141.8631741'),
(611, 'Невинномысск', '44.6227404', '41.9476147'),
(612, 'Невьянск', '57.491233', '60.2181839'),
(613, 'Нелидово', '56.2232417', '32.7766656'),
(614, 'Неман', '55.0315543', '22.0323961'),
(615, 'Нерехта', '57.4543706', '40.5725438'),
(616, 'Нерчинск', '51.9595512', '116.5854018'),
(617, 'Нерюнгри', '56.6600322', '124.72031'),
(618, 'Нестеров', '54.6314454', '22.5713658'),
(619, 'Нефтегорск', '52.797259', '51.1637126'),
(620, 'Нефтекамск', '56.0883075', '54.2483391'),
(621, 'Нефтекумск', '44.7544866', '44.9865041'),
(622, 'Нефтеюганск', '61.0882837', '72.6164185'),
(623, 'Нея', '58.2944499', '43.8780965'),
(624, 'Нижневартовск', '60.9397379', '76.5696206'),
(625, 'Нижнекамск', '55.6311963', '51.814407'),
(626, 'Нижнеудинск', '54.8969105', '99.0313481'),
(627, 'Нижние Серги', '56.6544606', '59.2952291'),
(628, 'Нижний Ломов', '53.5301274', '43.6729216'),
(629, 'Нижний Новгород', '56.3242093', '44.0053948'),
(630, 'Нижний Тагил', '57.9101038', '59.9813242'),
(631, 'Нижняя Салда', '58.0749243', '60.7026555'),
(632, 'Нижняя Тура', '58.6310942', '59.8521265'),
(633, 'Николаевск', '50.0166952', '45.4733204'),
(634, 'Николаевск-на-Амуре', '53.1461943', '140.7109642'),
(635, 'Никольск', '59.5350162', '45.4575468'),
(636, 'Никольское', '59.7042633', '30.7874879'),
(637, 'Новая Ладога', '60.1100013', '32.3141446'),
(638, 'Новая Ляля', '59.053961', '60.5945405'),
(639, 'Новоалександровск', '45.4933561', '41.2154482'),
(640, 'Новоалтайск', '53.4120811', '83.9311249'),
(641, 'Новоаннинский', '50.5296873', '42.6666038'),
(642, 'Нововоронеж', '51.3092463', '39.2162865'),
(643, 'Новодвинск', '64.4136023', '40.8208003'),
(644, 'Новозыбков', '52.5371426', '31.9356826'),
(645, 'Новокубанск', '45.1038782', '41.0473679'),
(646, 'Новокузнецк', '53.7942757', '87.2144046'),
(647, 'Новокуйбышевск', '53.0995303', '49.9477662'),
(648, 'Новомичуринск', '54.0377979', '39.7467023'),
(649, 'Новомосковск', '54.0109754', '38.2915652'),
(650, 'Новопавловск', '43.9617565', '43.6342855'),
(651, 'Новоржев', '57.0298332', '29.343333'),
(652, 'Новороссийск', '44.7234264', '37.7687218'),
(653, 'Новосибирск', '55.0281016', '82.9210575'),
(654, 'Новосиль', '52.9747225', '37.0438402'),
(655, 'Новосокольники', '56.3407627', '30.1527712'),
(656, 'Новотроицк', '51.1965071', '58.3017455'),
(657, 'Новоузенск', '50.4551744', '48.1412622'),
(658, 'Новоульяновск', '54.1447691', '48.3911701'),
(659, 'Новоуральск', '57.2471507', '60.095701'),
(660, 'Новохоперск', '51.0953461', '41.6173714'),
(661, 'Новочебоксарск', '56.109486', '47.4791429'),
(662, 'Новочеркасск', '47.4119248', '40.1042066'),
(663, 'Новошахтинск', '47.7576522', '39.9364709'),
(664, 'Новый Оскол', '50.7635162', '37.8774026'),
(665, 'Новый Уренгой', '66.0840036', '76.6810032'),
(666, 'Ногинск', '55.8686239', '38.4621635'),
(667, 'Нолинск', '57.5596946', '49.9357867'),
(668, 'Норильск', '69.3490828', '88.2009965'),
(669, 'Ноябрьск', '63.201846', '75.4509665'),
(670, 'Нурлат', '54.4281578', '50.8050431'),
(671, 'Нытва', '57.9337429', '55.3357261'),
(672, 'Нюрба', '63.2828775', '118.324325'),
(673, 'Нягань', '62.1454839', '65.3944361'),
(674, 'Нязепетровск', '56.0537199', '59.6096791'),
(675, 'Няндома', '61.6653735', '40.2061699'),
(676, 'Облучье', '49.0188344', '131.0539984'),
(677, 'Обнинск', '55.0943892', '36.6121785'),
(678, 'Обоянь', '51.212012', '36.275425'),
(679, 'Обь', '54.9945882', '82.6937925'),
(680, 'Одинцово', '55.6789292', '37.2636389'),
(681, 'Озерск', '54.4084804', '22.013508'),
(682, 'Озеры', '54.8539944', '38.55987'),
(683, 'Октябрьск', '53.1640886', '48.6707463'),
(684, 'Октябрьский', '54.4815344', '53.4656611'),
(685, 'Окуловка', '58.3908717', '33.2902474'),
(686, 'Олекминск', '60.3758203', '120.406013'),
(687, 'Оленегорск', '68.1422068', '33.2670094'),
(688, 'Олонец', '60.9793604', '32.9726031'),
(689, 'Омск', '54.9848136', '73.3674638'),
(690, 'Омутнинск', '58.6697684', '52.1893554'),
(691, 'Онега', '63.9163966', '38.0805749'),
(692, 'Опочка', '56.7107956', '28.6717455'),
(693, 'Орёл', '52.9672573', '36.0696479'),
(694, 'Оренбург', '51.7875191', '55.1017379'),
(695, 'Орехово-Зуево', '55.8151729', '38.9870711'),
(696, 'Орлов', '58.5389402', '48.8929268'),
(697, 'Орск', '51.2293069', '58.4751889'),
(698, 'Оса', '57.2889992', '55.4688982'),
(699, 'Осинники', '53.5987397', '87.3369948'),
(700, 'Осташков', '57.1457205', '33.1116707'),
(701, 'Остров', '57.3452408', '28.3437107'),
(702, 'Островной', '68.0509133', '39.5076034'),
(703, 'Острогожск', '50.8678083', '39.0406398'),
(704, 'Отрадное', '59.772596', '30.7988403'),
(705, 'Отрадный', '53.3800609', '51.3438695'),
(706, 'Оха', '53.5868238', '142.941221'),
(707, 'Оханск', '57.7178946', '55.387153'),
(708, 'Очер', '57.8851991', '54.7161756'),
(709, 'Павлово', '55.9797995', '43.0996232'),
(710, 'Павловск', '50.4533684', '40.1369087'),
(711, 'Павловский Посад', '55.7806718', '38.6596047'),
(712, 'Палласовка', '50.0501422', '46.8803355'),
(713, 'Партизанск', '43.1279833', '133.1264754'),
(714, 'Певек', '69.7018051', '170.2999194'),
(715, 'Пенза', '53.1753884', '45.0347408'),
(716, 'Первомайск', '54.8676182', '43.8012829'),
(717, 'Первоуральск', '56.9081665', '59.9429205'),
(718, 'Перевоз', '55.596904', '44.5450268'),
(719, 'Пересвет', '56.4158828', '38.1733567'),
(720, 'Переславль-Залесский', '56.7360435', '38.8543064'),
(721, 'Пермь', '58.0103211', '56.2341778'),
(722, 'Пестово', '58.5973944', '35.8144523'),
(723, 'Петров Вал', '50.1380355', '45.2091455'),
(724, 'Петровск', '52.3093782', '45.3851649'),
(725, 'Петровск-Забайкальский', '51.2748381', '108.8467139'),
(726, 'Петрозаводск', '61.78909', '34.3596263'),
(727, 'Петропавловск-Камчатский', '53.0370213', '158.6559142'),
(728, 'Петухово', '55.0649932', '67.8874369'),
(729, 'Петушки', '55.9297657', '39.4507913'),
(730, 'Печора', '65.1485717', '57.22388'),
(731, 'Печоры', '57.8146689', '27.6222823'),
(732, 'Пикалево', '59.5130655', '34.1773982'),
(733, 'Пионерский', '54.9516927', '20.227697'),
(734, 'Питкяранта', '61.5756886', '31.4641309'),
(735, 'Плавск', '53.7095993', '37.2863144'),
(736, 'Пласт', '54.3691832', '60.8152305'),
(737, 'Плес', '57.4605304', '41.512301'),
(738, 'Поворино', '51.1953446', '42.2472432'),
(739, 'Подольск', '55.4389588', '37.57027'),
(740, 'Подпорожье', '60.9127463', '34.1567832'),
(741, 'Покачи', '61.7421977', '75.5942069'),
(742, 'Покров', '55.9167118', '39.1733641'),
(743, 'Покровск', '61.4843538', '129.1482195'),
(744, 'Полевской', '56.4958085', '60.2366314'),
(745, 'Полесск', '54.8626321', '21.0998148'),
(746, 'Полысаево', '54.6053968', '86.2808803'),
(747, 'Полярные Зори', '67.3730192', '32.497541'),
(748, 'Полярный', '69.1988373', '33.4509985'),
(749, 'Поронайск', '49.2387983', '143.1007104'),
(750, 'Порхов', '57.7764223', '29.5436424'),
(751, 'Похвистнево', '53.6498197', '52.1235517'),
(752, 'Почеп', '52.9154724', '33.4744608'),
(753, 'Починок', '54.4063031', '32.4397914'),
(754, 'Пошехонье', '58.506328', '39.1210034'),
(755, 'Правдинск', '54.4430604', '21.0083638'),
(756, 'Приволжск', '57.3807249', '41.2809239'),
(757, 'Приморск', '54.7311185', '19.9983108'),
(758, 'Приморско-Ахтарск', '46.0515', '38.1704654'),
(759, 'Приозерск', '61.03313', '30.15876'),
(760, 'Прокопьевск', '53.8604562', '86.7183428'),
(761, 'Пролетарск', '46.7038968', '41.7274533'),
(762, 'Протвино', '54.8706614', '37.2183307'),
(763, 'Прохладный', '43.7589521', '44.0101936'),
(764, 'Псков', '57.819284', '28.3318188'),
(765, 'Пугачев', '52.0158464', '48.7972652'),
(766, 'Пудож', '61.8059147', '36.5330088'),
(767, 'Пустошка', '56.3375131', '29.3668243'),
(768, 'Пучеж', '56.982075', '43.1683878'),
(769, 'Пушкино', '56.0104548', '37.8471438'),
(770, 'Пущино', '54.832521', '37.6210428'),
(771, 'Пыталово', '57.0637109', '27.9234759'),
(772, 'Пыть-Ях', '60.7585769', '72.8366445'),
(773, 'Пятигорск', '44.0411669', '43.0661091'),
(774, 'Радужный', '55.9961034', '40.3323247'),
(775, 'Райчихинск', '49.7941882', '129.4112149'),
(776, 'Раменское', '55.549529', '38.273015'),
(777, 'Рассказово', '52.6537517', '41.8743779'),
(778, 'Ревда', '56.79869', '59.9071464'),
(779, 'Реж', '57.3717914', '61.3833223'),
(780, 'Реутов', '55.758236', '37.8619443'),
(781, 'Ржев', '56.2629393', '34.3291178'),
(782, 'Родники', '57.1024137', '41.7298908'),
(783, 'Рославль', '53.9449601', '32.8479617'),
(784, 'Россошь', '50.170089', '39.6225534'),
(785, 'Ростов', '57.2050177', '39.4378357'),
(786, 'Ростов-на-Дону', '47.2224364', '39.7187866'),
(787, 'Рошаль', '55.6632504', '39.8655434'),
(788, 'Ртищево', '52.2616298', '43.7842399'),
(789, 'Рубцовск', '51.5013075', '81.2077729'),
(790, 'Рудня', '54.9441357', '31.0794758'),
(791, 'Руза', '55.7015302', '36.1960043'),
(792, 'Рузаевка', '54.0583238', '44.949116'),
(793, 'Рыбинск', '58.0483802', '38.858338'),
(794, 'Рыбное', '54.7255937', '39.513438'),
(795, 'Рыльск', '51.568165', '34.6802178'),
(796, 'Ряжск', '53.7067718', '40.0521358'),
(797, 'Рязань', '54.625457', '39.7359992'),
(798, 'Саки', '45.1342889', '33.6032508'),
(799, 'Салават', '53.3616311', '55.9245559'),
(800, 'Салаир', '54.2351588', '85.8029215'),
(801, 'Салехард', '66.5493568', '66.6083994'),
(802, 'Сальск', '46.4751689', '41.5412229'),
(803, 'Самара', '53.1951657', '50.1067691'),
(804, 'Саранск', '54.1807601', '45.1862263'),
(805, 'Сарапул', '56.4616117', '53.8036967'),
(806, 'Саратов', '51.530376', '45.9530257'),
(807, 'Саров', '54.9227002', '43.3447792'),
(808, 'Сасово', '54.350807', '41.9117458'),
(809, 'Сатка', '55.0404497', '59.0288153'),
(810, 'Сафоново', '55.1199868', '33.233799'),
(811, 'Саяногорск', '53.1008226', '91.4121643'),
(812, 'Саянск', '54.1107787', '102.1802563'),
(813, 'Светлогорск', '54.9439566', '20.1514789'),
(814, 'Светлоград', '45.3284769', '42.8566923'),
(815, 'Светлый', '54.6774051', '20.1356625'),
(816, 'Светогорск', '61.1112679', '28.8726666'),
(817, 'Свирск', '53.0842576', '103.3364192'),
(818, 'Свободный', '51.361264', '128.1218995'),
(819, 'Себеж', '56.2907663', '28.4725735'),
(820, 'Северобайкальск', '55.6357165', '109.3362606'),
(821, 'Северодвинск', '64.56253', '39.8182715'),
(822, 'Северо-Курильск', '50.6731056', '156.1280722'),
(823, 'Североморск', '69.0765029', '33.4178354'),
(824, 'Североуральск', '60.1533333', '59.9525274'),
(825, 'Северск', '56.6031143', '84.8809687'),
(826, 'Севск', '52.1484215', '34.4918198'),
(827, 'Сегежа', '63.7437211', '34.3126755'),
(828, 'Сельцо', '53.3738801', '34.1059226'),
(829, 'Семенов', '56.788935', '44.4903571'),
(830, 'Семикаракорск', '47.5177981', '40.811585'),
(831, 'Семилуки', '51.6951846', '39.0189797'),
(832, 'Сенгилей', '53.9590553', '48.7767869'),
(833, 'Серафимович', '49.566286', '42.7360013'),
(834, 'Сергач', '55.5200364', '45.4813193'),
(835, 'Сергиев Посад', '56.3063411', '38.1502568'),
(836, 'Сердобск', '52.4697532', '44.2122688'),
(837, 'Серов', '59.6048651', '60.5752136'),
(838, 'Серпухов', '54.9225396', '37.4032682'),
(839, 'Сертолово', '60.14458', '30.2094595'),
(840, 'Сибай', '52.7205811', '58.6663303'),
(841, 'Сим', '54.9906584', '57.6899045'),
(842, 'Симферополь', '44.9482645', '34.100117'),
(843, 'Сковородино', '53.9871004', '123.943729'),
(844, 'Скопин', '53.8236028', '39.5493286'),
(845, 'Славгород', '52.9993053', '78.6459674'),
(846, 'Славск', '55.0451054', '21.6742294'),
(847, 'Славянск-на-Кубани', '45.2605079', '38.1260725'),
(848, 'Сланцы', '59.1178693', '28.088106'),
(849, 'Слободской', '58.7311934', '50.1670091'),
(850, 'Слюдянка', '51.6562679', '103.7186877'),
(851, 'Смоленск', '54.7867168', '31.8153366'),
(852, 'Снежинск', '56.085232', '60.7324989'),
(853, 'Снежногорск', '69.1921469', '33.2382821'),
(854, 'Собинка', '55.993798', '40.0180034'),
(855, 'Советск', '55.0810474', '21.8886272'),
(856, 'Советская Гавань', '48.9664554', '140.2852223'),
(857, 'Советский', '61.3706695', '63.566863'),
(858, 'Сокол', '59.4759156', '40.1114414'),
(859, 'Солигалич', '59.0786729', '42.2877245'),
(860, 'Соликамск', '59.6483518', '56.7710358'),
(861, 'Солнечногорск', '56.2148655', '37.0967653'),
(862, 'Сольвычегодск', '61.3318091', '46.920351'),
(863, 'Соль-Илецк', '51.1634976', '54.9895391'),
(864, 'Сольцы', '58.1201693', '30.309285'),
(865, 'Сорочинск', '52.4265081', '53.1542123'),
(866, 'Сорск', '54.0001451', '90.2595674'),
(867, 'Сортавала', '61.7032216', '30.6917021'),
(868, 'Сосенский', '54.056525', '35.9621458'),
(869, 'Сосновка', '56.2533149', '51.2833412'),
(870, 'Сосновоборск', '56.1202088', '93.3353411'),
(871, 'Сосновый Бор', '59.8772921', '29.1290866'),
(872, 'Сосногорск', '63.5990137', '53.8762792'),
(873, 'Сочи', '43.5855829', '39.7231419'),
(874, 'Спас-Деменск', '54.4099201', '34.0190263'),
(875, 'Спас-Клепики', '55.1291472', '40.1745036'),
(876, 'Спасск', '53.927163', '43.1860475'),
(877, 'Спасск-Дальний', '44.5900929', '132.8157564'),
(878, 'Спасск-Рязанский', '54.4071497', '40.3764367'),
(879, 'Среднеколымск', '67.4581664', '153.7069511'),
(880, 'Среднеуральск', '56.991883', '60.4771953'),
(881, 'Сретенск', '52.2462356', '117.7116971'),
(882, 'Ставрополь', '45.0445439', '41.9690168'),
(883, 'Старая Купавна', '55.8038411', '38.1426144'),
(884, 'Старая Русса', '57.9906873', '31.3555076'),
(885, 'Старица', '56.514955', '34.9335145'),
(886, 'Стародуб', '52.5851881', '32.7603628'),
(887, 'Старый Крым', '45.0290659', '35.0900885'),
(888, 'Старый Оскол', '51.2965991', '37.8349849'),
(889, 'Стерлитамак', '53.6302498', '55.9315707'),
(890, 'Стрежевой', '60.7328199', '77.6040323'),
(891, 'Строитель', '50.7845571', '36.4886619'),
(892, 'Струнино', '56.3750001', '38.583938'),
(893, 'Ступино', '54.9238403', '38.1186976'),
(894, 'Суворов', '54.1345367', '36.4806933'),
(895, 'Судак', '44.8505913', '34.9761591'),
(896, 'Суджа', '51.1919711', '35.2719619'),
(897, 'Судогда', '55.949897', '40.8563392'),
(898, 'Суздаль', '56.4273814', '40.4525581'),
(899, 'Суоярви', '62.0787769', '32.3499029'),
(900, 'Сураж', '53.0171239', '32.3938351'),
(901, 'Сургут', '61.2539773', '73.3961726'),
(902, 'Суровикино', '48.6189756', '42.8541308'),
(903, 'Сурск', '53.0760597', '45.6911897'),
(904, 'Сусуман', '62.7804628', '148.154033'),
(905, 'Сухиничи', '54.0973787', '35.3443077'),
(906, 'Сухой Лог', '56.9075938', '62.0358708'),
(907, 'Сызрань', '53.1557213', '48.4745419'),
(908, 'Сыктывкар', '61.668789', '50.8356491'),
(909, 'Сысерть', '56.50052', '60.8190708'),
(910, 'Сычевка', '55.8307397', '34.277868'),
(911, 'Сясьстрой', '60.1402454', '32.5602015'),
(912, 'Тавда', '58.0434196', '65.2743232'),
(913, 'Таганрог', '47.2094907', '38.935154'),
(914, 'Тайга', '56.0622767', '85.6207907'),
(915, 'Тайшет', '55.9405397', '98.0030649'),
(916, 'Талдом', '56.7308993', '37.5276414'),
(917, 'Талица', '57.0123359', '63.7322467'),
(918, 'Тамбов', '52.7213021', '41.452258'),
(919, 'Тара', '56.9159171', '74.3649643'),
(920, 'Тарко-Сале', '64.9117649', '77.7610204'),
(921, 'Таруса', '54.7236791', '37.1670866'),
(922, 'Татарск', '55.2145894', '75.9740805'),
(923, 'Таштагол', '52.7594505', '87.8477272'),
(924, 'Тверь', '56.8585396', '35.9117898'),
(925, 'Теберда', '43.4438408', '41.7414924'),
(926, 'Тейково', '56.8542712', '40.5355289'),
(927, 'Темников', '54.6309086', '43.2161785'),
(928, 'Темрюк', '45.2611082', '37.445519'),
(929, 'Терек', '43.4838439', '44.1402524'),
(930, 'Тетюши', '54.936575', '48.8314915'),
(931, 'Тимашевск', '45.6159358', '38.9350513'),
(932, 'Тихвин', '59.6273809', '33.5072307'),
(933, 'Тихорецк', '45.8546953', '40.1258702'),
(934, 'Тобольск', '58.2016828', '68.2538392'),
(935, 'Тогучин', '55.2250038', '84.4103867'),
(936, 'Тольятти', '53.5206438', '49.389461'),
(937, 'Томари', '47.7619957', '142.061508'),
(938, 'Томмот', '58.9586939', '126.2875375'),
(939, 'Томск', '56.4847036', '84.9481737'),
(940, 'Топки', '55.2766036', '85.6153223'),
(941, 'Торжок', '57.0412804', '34.9600691'),
(942, 'Торопец', '56.5011791', '31.6354366'),
(943, 'Тосно', '59.5406697', '30.8777872'),
(944, 'Тотьма', '59.9735051', '42.7589701'),
(945, 'Трехгорный', '54.8178174', '58.4465039'),
(946, 'Троицк', '54.0844132', '61.5585503'),
(947, 'Трубчевск', '52.5791314', '33.7660013'),
(948, 'Туапсе', '44.1103707', '39.082645'),
(949, 'Туймазы', '54.5999889', '53.6949081'),
(950, 'Тула', '54.192017', '37.6153885'),
(951, 'Тулун', '54.5571409', '100.5779402'),
(952, 'Туран', '52.144932', '93.9172495'),
(953, 'Туринск', '58.0394258', '63.698142'),
(954, 'Тутаев', '57.8674237', '39.5368234'),
(955, 'Тында', '55.1546401', '124.7468634'),
(956, 'Тырныауз', '43.3981939', '42.9215127'),
(957, 'Тюкалинск', '55.8705121', '72.1956156'),
(958, 'Тюмень', '57.1530824', '65.5343118'),
(959, 'Уварово', '51.9768835', '42.2529568'),
(960, 'Углегорск', '49.0816311', '142.0693033'),
(961, 'Углич', '57.5223866', '38.3019793'),
(962, 'Удачный', '66.4072367', '112.3061653'),
(963, 'Удомля', '57.8787885', '35.016716'),
(964, 'Ужур', '55.3141977', '89.8333827'),
(965, 'Узловая', '53.9731407', '38.1763104'),
(966, 'Улан-Удэ', '51.8334378', '107.5841511'),
(967, 'Ульяновск', '54.3080674', '48.3748717'),
(968, 'Унеча', '52.8460665', '32.6757071'),
(969, 'Урай', '60.1295842', '64.8040117'),
(970, 'Урень', '57.4612547', '45.783394'),
(971, 'Уржум', '57.1097612', '50.0056278'),
(972, 'Урюпинск', '50.7904767', '42.0288589'),
(973, 'Усинск', '65.9941116', '57.5570054'),
(974, 'Усмань', '52.0444165', '39.7264516'),
(975, 'Усолье', '59.4279356', '56.6837783'),
(976, 'Усолье-Сибирское', '52.7567192', '103.6387694'),
(977, 'Уссурийск', '43.79726', '131.9517262'),
(978, 'Усть-Джегута', '44.083852', '41.971128'),
(979, 'Усть-Илимск', '57.9431325', '102.7414683'),
(980, 'Усть-Катав', '54.9261323', '58.1528067'),
(981, 'Усть-Кут', '56.7928049', '105.7756883'),
(982, 'Усть-Лабинск', '45.222676', '39.6930239'),
(983, 'Устюжна', '58.8383671', '36.4425046'),
(984, 'Уфа', '54.734853', '55.9578647'),
(985, 'Ухта', '63.5564779', '53.7014202'),
(986, 'Учалы', '54.3066965', '59.4126559'),
(987, 'Уяр', '55.8131698', '94.3282148'),
(988, 'Фатеж', '52.0918591', '35.8538912'),
(989, 'Феодосия', '45.031878', '35.3824772'),
(990, 'Фокино', '53.4554552', '34.4158537'),
(991, 'Фролово', '49.7647809', '43.6648936'),
(992, 'Фрязино', '55.9590154', '38.0409171'),
(993, 'Фурманов', '57.2538043', '41.1053808'),
(994, 'Хабаровск', '48.4647991', '135.0598811'),
(995, 'Хадыженск', '44.412303', '39.5319151'),
(996, 'Ханты-Мансийск', '61.0024344', '69.0183322'),
(997, 'Харабали', '47.4089187', '47.2524467'),
(998, 'Харовск', '59.9477728', '40.2000794'),
(999, 'Хасавюрт', '43.2505191', '46.5852276'),
(1000, 'Хвалынск', '52.4950057', '48.1045147'),
(1001, 'Хилок', '51.3635236', '110.458989'),
(1002, 'Химки', '55.8886705', '37.4304154'),
(1003, 'Холм', '57.1451036', '31.1787812'),
(1004, 'Холмск', '47.0408637', '142.0416619'),
(1005, 'Хотьково', '56.2515725', '37.9395225'),
(1006, 'Цивильск', '55.8650132', '47.472967'),
(1007, 'Цимлянск', '47.6477668', '42.093022'),
(1008, 'Циолковский', '51.7624346', '128.121972'),
(1009, 'Чадан', '51.2844482', '91.5789135'),
(1010, 'Чайковский', '56.7780203', '54.1478482'),
(1011, 'Чапаевск', '52.9289662', '49.8674222'),
(1012, 'Чаплыгин', '53.2404794', '39.9671563'),
(1013, 'Чебаркуль', '54.9819329', '60.3773305'),
(1014, 'Чебоксары', '56.1439378', '47.2488718'),
(1015, 'Чегем', '43.5672039', '43.5865338'),
(1016, 'Чекалин', '54.0985105', '36.2474377'),
(1017, 'Челябинск', '55.1603659', '61.4007858'),
(1018, 'Чердынь', '60.4011184', '56.4801391'),
(1019, 'Черемхово', '53.1369385', '103.090119'),
(1020, 'Черепаново', '54.2206974', '83.3724392'),
(1021, 'Череповец', '59.1269214', '37.9092243'),
(1022, 'Черкесск', '44.2268637', '42.0467829'),
(1023, 'Чермоз', '58.7842527', '56.1507562'),
(1024, 'Черноголовка', '56.0100909', '38.3792328'),
(1025, 'Черногорск', '53.8258425', '91.3259669'),
(1026, 'Чернушка', '56.5161079', '56.0763919'),
(1027, 'Черняховск', '54.6243928', '21.7969179'),
(1028, 'Чехов', '55.1507175', '37.4532591'),
(1029, 'Чистополь', '55.3699372', '50.628495'),
(1030, 'Чита', '52.0340128', '113.4994884'),
(1031, 'Чкаловск', '56.7651549', '43.2420193'),
(1032, 'Чудово', '59.1247477', '31.6865406'),
(1033, 'Чулым', '55.0906205', '80.9592152'),
(1034, 'Чусовой', '58.2974725', '57.8193122'),
(1035, 'Чухлома', '58.7534246', '42.6883783'),
(1036, 'Шагонар', '51.5347357', '92.9199618'),
(1037, 'Шадринск', '56.0870152', '63.6298234'),
(1038, 'Шали', '43.148776', '45.9009577'),
(1039, 'Шарыпово', '55.5389684', '89.1801557'),
(1040, 'Шарья', '58.3761832', '45.4060762'),
(1041, 'Шатура', '55.5777942', '39.5443781'),
(1042, 'Шахты', '47.7084247', '40.2159154'),
(1043, 'Шахунья', '57.6764773', '46.6129673'),
(1044, 'Шацк', '54.0288845', '41.7182108'),
(1045, 'Шебекино', '50.4005506', '36.8877988'),
(1046, 'Шелехов', '52.2102462', '104.0973531'),
(1047, 'Шенкурск', '62.1057423', '42.89959'),
(1048, 'Шилка', '51.8495302', '116.033575'),
(1049, 'Шимановск', '52.0052856', '127.7006559'),
(1050, 'Шиханы', '52.1148241', '47.2022928'),
(1051, 'Шлиссельбург', '59.9443923', '31.0334136'),
(1052, 'Шумерля', '55.4961795', '46.4183534'),
(1053, 'Шумиха', '55.2281833', '63.2902391'),
(1054, 'Шуя', '56.8560743', '41.3802455'),
(1055, 'Щекино', '54.0020749', '37.517686'),
(1056, 'Щелкино', '45.4289847', '35.8251329'),
(1057, 'Щелково', '55.9234303', '37.9784419'),
(1058, 'Щигры', '51.8787808', '36.8910674'),
(1059, 'Щучье', '55.20883', '62.7478475'),
(1060, 'Электрогорск', '55.8778573', '38.7805239'),
(1061, 'Электросталь', '55.7847718', '38.4446531'),
(1062, 'Электроугли', '55.7170329', '38.2194049'),
(1063, 'Элиста', '46.3082947', '44.2701417'),
(1064, 'Энгельс', '51.4854893', '46.1267479'),
(1065, 'Эртиль', '51.831024', '40.8074054'),
(1066, 'Югорск', '61.3124504', '63.3364787'),
(1067, 'Южа', '56.5926458', '42.0457159'),
(1068, 'Южно-Сахалинск', '46.959133', '142.7381252'),
(1069, 'Южно-Сухокумск', '44.6600972', '45.6499304'),
(1070, 'Южноуральск', '54.4490124', '61.2581869'),
(1071, 'Юрга', '55.7202689', '84.8885516'),
(1072, 'Юрьевец', '57.3178701', '43.1110553'),
(1073, 'Юрьев-Польский', '56.4938067', '39.6679311'),
(1074, 'Юрюзань', '54.8546372', '58.4227116'),
(1075, 'Юхнов', '54.7445873', '35.2424857'),
(1076, 'Ядрин', '55.9406826', '46.2020765'),
(1077, 'Якутск', '62.0280273', '129.7325717'),
(1078, 'Ялта', '44.416366', '34.04455'),
(1079, 'Ялуторовск', '56.649167', '66.297034'),
(1080, 'Янаул', '56.2650336', '54.9298314'),
(1081, 'Яранск', '57.304195', '47.8479185'),
(1082, 'Яровое', '52.9251728', '78.5729898'),
(1083, 'Ярославль', '57.6216145', '39.897878'),
(1084, 'Ярцево', '55.0564933', '32.6902457'),
(1085, 'Ясногорск', '54.4795178', '37.689669'),
(1086, 'Ясный', '51.0369499', '59.8743256'),
(1087, 'Яхрома', '56.2889858', '37.4831016');

INSERT INTO `tasks` (`task_id`, `add_date`, `status`, `customer_id`, `title`, `description`, `latitude`, `longitude`, `end_date`, `price`, `category_id`, `executor_id`) VALUES
(1, '2023-03-20 20:17:45', 'failed', 5, 'Ах, — брат, вот позабыл тебе.', 'Я его нарочно кормлю сырым мясом. Мне хочется, чтобы и ты получил выгоду. Чичиков поблагодарил.', '-20.36769', '17.110128', '1979-09-02 00:00:00', 3161, 7, NULL),
(2, '2023-03-20 20:17:45', 'in_progress', 2, 'Послушайте, матушка. Да вы.', 'Деревня Маниловка немногих могла заманить своим местоположением. Дом господский стоял одиночкой на.', '-86.038462', '-8.749671', '1996-06-12 00:00:00', 1907, 5, NULL),
(3, '2023-03-20 20:17:45', 'failed', 7, 'Послушай, любезный! сколько.', 'Манилов с такою же любезностью рассказал дело кучеру и сказал ему тихо на ухо, мне послышалось.', '-26.133361', '141.046015', '1970-05-02 00:00:00', 4305, 7, NULL),
(4, '2023-03-20 20:17:45', 'failed', 7, 'Он был недоволен поведением.', 'Может быть, здесь… в этом, вами сейчас — выраженном изъяснении… скрыто другое… Может быть, здесь….', '-53.908798', '-78.649234', '1985-06-02 00:00:00', 5220, 6, NULL),
(5, '2023-03-20 20:17:45', 'failed', 5, 'Не знаю, как приготовляется.', 'По мере того как бричка близилась к крыльцу, заметил он где стоявшую запасную почти новую телегу.', '-66.239671', '-163.526132', '2010-02-21 00:00:00', 3741, 3, NULL),
(6, '2023-03-20 20:17:45', 'cancelled', 3, 'Павел Иванович! — сказал.', 'Но еще более бранил себя за то, что вам угодно? — Я бы недорого и взял. Для знакомства по рублику.', '-22.698854', '-60.829157', '1973-07-21 00:00:00', 7498, 8, NULL),
(7, '2023-03-20 20:17:45', 'cancelled', 3, 'Веришь ли, что — подавал.', 'Как так? — Бессонница. Все поясница болит, и нога, что повыше косточки, так вот — не так, как с.', '89.477387', '-138.697544', '2007-03-20 00:00:00', 4745, 6, NULL),
(8, '2023-03-20 20:17:45', 'failed', 7, 'Герой наш трухнул, однако ж.', 'С этих пор с тобой нет никакой здесь и — наступив ему на глаза не видал помещика Максимова!.', '-50.61007', '100.305591', '2007-11-25 00:00:00', 5051, 1, NULL),
(9, '2023-03-20 20:17:45', 'in_progress', 2, 'Собакевича, люди — умирали.', 'Но здоровые и полные щеки его так хорошо были сотворены и вмещали в себе тяжести на целый пуд.', '-31.051506', '136.403393', '2014-08-14 00:00:00', 2152, 2, NULL),
(10, '2023-03-20 20:17:45', 'new', 10, 'Вы как, — матушка? — Бог.', 'Почти в течение целых пяти минут все хранили молчание; раздавался только стук, производимый носом.', '-48.78946', '137.730474', '1991-10-01 00:00:00', 7216, 2, NULL),
(11, '2023-03-20 20:17:45', 'in_progress', 4, 'Прометей так и быть, в шашки.', 'Чувствовал, что продаст, да уже, зажмурив глаза, ни жив ни мертв, — он сыпал перец, капуста ли.', '14.30515', '34.86344', '1983-11-04 00:00:00', 5127, 5, NULL),
(12, '2023-03-20 20:17:45', 'in_progress', 4, 'Таков уже русский человек.', 'А меняться не хочешь? — Не забуду, не забуду, — говорил Собакевич, вытирая салфеткою руки, — у.', '-59.409159', '-109.284265', '2008-03-30 00:00:00', 1331, 5, NULL),
(13, '2023-03-20 20:17:45', 'failed', 3, 'Селифана не было в городе.', 'Да у меня-то их хорошо пекут, — сказала хозяйка, — — Еще — третью неделю взнесла больше.', '11.779641', '-93.731213', '1992-09-02 00:00:00', 4884, 3, NULL),
(14, '2023-03-20 20:17:45', 'in_progress', 8, 'России есть теперь весьма.', 'Тот же самый крепкий и на Руси если не угнались еще кой в чем не бывало, и он, как говорится.', '-39.409942', '172.828271', '2001-02-03 00:00:00', 9365, 4, NULL),
(15, '2023-03-20 20:17:45', 'in_progress', 6, 'И всякий народ, носящий в.', 'Нет, этого-то я не могу дать, — сказал Чичиков, заикнулся и не поймет всех его особенностей и.', '-8.666339', '105.585377', '2015-01-05 00:00:00', 8848, 1, NULL),
(16, '2023-03-20 20:17:45', 'done', 5, 'Мужчины здесь, как и всякой.', 'И в самом деле… как будто он хотел вытянуть из него мнение относительно такого неслыханного.', '-72.953317', '137.514372', '2008-03-24 00:00:00', 5272, 6, NULL),
(17, '2023-03-20 20:17:45', 'failed', 7, 'Пропал бы, как волдырь на.', 'В какое это время стоявший позади лакей утер посланнику нос, и очень благодарил, такие вышли.', '-24.728291', '-165.689351', '2001-12-08 00:00:00', 5364, 8, NULL),
(18, '2023-03-20 20:17:45', 'in_progress', 4, 'И знаете, Павел Иванович!.', 'Пьян ты, что ли?» Селифан почувствовал свою оплошность, но так как русский человек не без.', '33.703201', '19.909669', '1990-06-05 00:00:00', 8961, 2, NULL),
(19, '2023-03-20 20:17:45', 'failed', 3, 'Так как русский человек не.', 'Чичиков и руками и ногами — шлепнулся в грязь. Селифан лошадей, однако ж, это все-таки был овес, а.', '61.865815', '118.646965', '2008-07-10 00:00:00', 4726, 5, NULL),
(20, '2023-03-20 20:17:45', 'new', 3, 'Далеко ли по крайней мере.', 'Ну, как ты себе хочешь, а не простое сено, он жевал его с удовольствием и часто засовывал длинную.', '66.927988', '-170.262765', '1988-08-09 00:00:00', 6055, 6, NULL),
(21, '2023-03-20 20:17:45', 'done', 9, 'Тоненькие служат больше по.', 'Собакевич, такой подлец! — Да кто вы такой? — сказал Чичиков, — здесь, вот где, — тут вы берете ни.', '10.571391', '37.936222', '2021-03-09 00:00:00', 1541, 7, NULL),
(22, '2023-03-20 20:17:45', 'cancelled', 8, 'Вслед за чемоданом внесен.', 'Милушкин, кирпичник! мог поставить печь в каком случае фамильярного обращения, разве только у.', '-69.757019', '-76.50334', '1970-02-18 00:00:00', 1225, 7, NULL),
(23, '2023-03-20 20:17:46', 'cancelled', 8, 'У всякого есть свой задор: у.', 'Пономарев! Нужно тебе знать, что думает дворовый крепостной человек в решительные минуты найдется.', '7.093917', '-27.54412', '2014-11-01 00:00:00', 1825, 6, NULL),
(24, '2023-03-20 20:17:46', 'failed', 10, 'Потом Ноздрев повел своих.', 'Заметив и сам, что находился не в спальном чепце, но на которого, однако ж, порядком. Хотя бричка.', '11.609848', '-103.316273', '2006-12-22 00:00:00', 7574, 3, NULL),
(25, '2023-03-20 20:17:46', 'new', 2, 'Но если выехать из ваших.', 'Ну, к Собакевичу. «А что ж, душенька, так у них немецкая — жидкостная натура, так они были.', '-60.080173', '-130.097544', '2018-07-22 00:00:00', 1680, 1, NULL),
(26, '2023-03-20 20:17:46', 'failed', 9, 'На своих окнах тоже помещены.', 'Настасья Петровна? хорошее имя Настасья Петровна. У меня все, что ни есть предмет, отражает в.', '3.526986', '145.869758', '1977-10-23 00:00:00', 3286, 5, NULL),
(27, '2023-03-20 20:17:46', 'new', 2, 'Он заглянул в щелочку двери.', 'Но как ни переворачивал он ее, но никак не подумал, — продолжал он. — Но позвольте, однако же, при.', '-15.495481', '-156.704037', '2011-04-03 00:00:00', 4175, 3, NULL),
(28, '2023-03-20 20:17:46', 'done', 5, 'Павел Иванович — Чичиков! У.', 'Нет, ваше благородие, как можно, чтоб я был пьян! Я знаю, что ты такой — сердитый, да я в руки.', '22.600517', '-15.675382', '1976-09-15 00:00:00', 5898, 2, NULL),
(29, '2023-03-20 20:17:46', 'new', 2, 'Между тем псы заливались.', 'Вздор! — сказал наконец Чичиков, видя, что никто не располагается начинать — разговора, — в самом.', '9.62599', '141.28747', '1975-06-03 00:00:00', 5130, 4, NULL),
(30, '2023-03-20 20:17:46', 'cancelled', 6, 'В угольной из этих людей.', 'Все, не исключая и самого кучера, опомнились и очнулись только тогда, когда на них утверждены и.', '71.631338', '168.002196', '1979-03-29 00:00:00', 8111, 1, NULL);

